{
    "success_rates_by_concept": {
        "loops": {
            "mean": 0.5513030095047939,
            "count": 3,
            "std_dev": 0.02642610980232042,
            "std_err": 0.015257121608004305,
            "ci_95_lower": 0.4856569135708082,
            "ci_95_upper": 0.6169491054387797,
            "df": 2,
            "t_value": 4.302652729696142,
            "margin_of_error": 0.06564609593398571
        },
        "data_structures": {
            "mean": 0.5129251700680272,
            "count": 3,
            "std_dev": 0.036427427356931226,
            "std_err": 0.021031384990409782,
            "ci_95_lower": 0.42243442402975007,
            "ci_95_upper": 0.6034159161063043,
            "df": 2,
            "t_value": 4.302652729696142,
            "margin_of_error": 0.09049074603827711
        },
        "algorithms": {
            "mean": 0.5934601113172542,
            "count": 3,
            "std_dev": 0.03243034690702524,
            "std_err": 0.018723669516683968,
            "ci_95_lower": 0.5128986635613655,
            "ci_95_upper": 0.6740215590731429,
            "df": 2,
            "t_value": 4.302652729696142,
            "margin_of_error": 0.08056144775588872
        },
        "error_handling": {
            "mean": 0.6058201058201058,
            "count": 3,
            "std_dev": 0.023023935719322885,
            "std_err": 0.013292875485355708,
            "ci_95_lower": 0.5486254788275291,
            "ci_95_upper": 0.6630147328126825,
            "df": 2,
            "t_value": 4.302652729696142,
            "margin_of_error": 0.057194626992576665
        },
        "recursion": {
            "mean": 0.56564039408867,
            "count": 3,
            "std_dev": 0.02978975828030132,
            "std_err": 0.01719912496222585,
            "ci_95_lower": 0.49163853212156383,
            "ci_95_upper": 0.6396422560557761,
            "df": 2,
            "t_value": 4.302652729696142,
            "margin_of_error": 0.0740018619671061
        },
        "sorting": {
            "mean": 0.5452219707867731,
            "count": 3,
            "std_dev": 0.03883424799540646,
            "std_err": 0.022420963533924605,
            "ci_95_lower": 0.4487523508351148,
            "ci_95_upper": 0.6416915907384315,
            "df": 2,
            "t_value": 4.302652729696142,
            "margin_of_error": 0.09646961995165836
        },
        "searching": {
            "mean": 0.6005832649151615,
            "count": 3,
            "std_dev": 0.02939165125884938,
            "std_err": 0.016969277766224294,
            "ci_95_lower": 0.5275703556133444,
            "ci_95_upper": 0.6735961742169785,
            "df": 2,
            "t_value": 4.302652729696142,
            "margin_of_error": 0.073012909301817
        },
        "dynamic_programming": {
            "mean": 0.4896788578415507,
            "count": 3,
            "std_dev": 0.03478469756476172,
            "std_err": 0.0200829545026949,
            "ci_95_lower": 0.40326887883016704,
            "ci_95_upper": 0.5760888368529343,
            "df": 2,
            "t_value": 4.302652729696142,
            "margin_of_error": 0.08640997901138363
        },
        "conditionals": {
            "mean": 0.47526099198613814,
            "count": 3,
            "std_dev": 0.04368090710777081,
            "std_err": 0.025219183477118517,
            "ci_95_lower": 0.3667516033576063,
            "ci_95_upper": 0.5837703806146699,
            "df": 2,
            "t_value": 4.302652729696142,
            "margin_of_error": 0.10850938862853182
        },
        "functions": {
            "mean": 0.5550868786974424,
            "count": 3,
            "std_dev": 0.0311364182301136,
            "std_err": 0.01797661944675686,
            "ci_95_lower": 0.4777397279641453,
            "ci_95_upper": 0.6324340294307396,
            "df": 2,
            "t_value": 4.302652729696142,
            "margin_of_error": 0.07734715073329715
        }
    },
    "success_rates_by_difficulty": {
        "very easy": {
            "mean": 0.8517512077294686,
            "count": 3,
            "std_dev": 0.043081297655641206,
            "std_err": 0.024872998798522845,
            "ci_95_lower": 0.7447313315532753,
            "ci_95_upper": 0.9587710839056618,
            "df": 2,
            "t_value": 4.302652729696142,
            "margin_of_error": 0.10701987617619318
        },
        "easy": {
            "mean": 0.7224481658692185,
            "count": 3,
            "std_dev": 0.02301615459040331,
            "std_err": 0.013288383048479393,
            "ci_95_lower": 0.6652728682724307,
            "ci_95_upper": 0.7796234634660062,
            "df": 2,
            "t_value": 4.302652729696142,
            "margin_of_error": 0.0571752975967878
        },
        "medium": {
            "mean": 0.4302092623469955,
            "count": 3,
            "std_dev": 0.03980395903361855,
            "std_err": 0.022980826462872507,
            "ci_95_lower": 0.33133074663584383,
            "ci_95_upper": 0.5290877780581472,
            "df": 2,
            "t_value": 4.302652729696142,
            "margin_of_error": 0.09887851571115172
        },
        "hard": {
            "mean": 0.4991177281499862,
            "count": 3,
            "std_dev": 0.0327732082195795,
            "std_err": 0.018921620587781882,
            "ci_95_lower": 0.41770456567769176,
            "ci_95_upper": 0.5805308906222806,
            "df": 2,
            "t_value": 4.302652729696142,
            "margin_of_error": 0.08141316247229444
        },
        "very hard": {
            "mean": 0.2989513577748872,
            "count": 3,
            "std_dev": 0.021094639873184336,
            "std_err": 0.01217899600924119,
            "ci_95_lower": 0.24654936735076716,
            "ci_95_upper": 0.3513533481990072,
            "df": 2,
            "t_value": 4.302652729696142,
            "margin_of_error": 0.052401990424120026
        }
    },
    "avg_attempts_by_concept": {
        "loops": {
            "mean": 2.4356523366818497,
            "count": 3,
            "std_dev": 0.7173026029345987,
            "std_err": 0.4141348508947098,
            "ci_95_lower": 0.6537738900174217,
            "ci_95_upper": 4.217530783346278,
            "df": 2,
            "t_value": 4.302652729696142,
            "margin_of_error": 1.781878446664428
        },
        "data_structures": {
            "mean": 2.4580864603906076,
            "count": 3,
            "std_dev": 1.1295271842333927,
            "std_err": 0.6521328238741493,
            "ci_95_lower": -0.3478146143759542,
            "ci_95_upper": 5.263987535157169,
            "df": 2,
            "t_value": 4.302652729696142,
            "margin_of_error": 2.805901074766562
        },
        "algorithms": {
            "mean": 2.3836064728921875,
            "count": 3,
            "std_dev": 0.9102234682716965,
            "std_err": 0.5255177644293788,
            "ci_95_lower": 0.12248602926630658,
            "ci_95_upper": 4.644726916518069,
            "df": 2,
            "t_value": 4.302652729696142,
            "margin_of_error": 2.261120443625881
        },
        "error_handling": {
            "mean": 2.3462301587301586,
            "count": 3,
            "std_dev": 0.14829423682084789,
            "std_err": 0.08561771754778665,
            "ci_95_lower": 1.9778468526128212,
            "ci_95_upper": 2.714613464847496,
            "df": 2,
            "t_value": 4.302652729696142,
            "margin_of_error": 0.3683833061173375
        },
        "recursion": {
            "mean": 2.547454844006568,
            "count": 3,
            "std_dev": 0.21975201108641865,
            "std_err": 0.12687388275570544,
            "ci_95_lower": 2.0015605860405836,
            "ci_95_upper": 3.093349101972552,
            "df": 2,
            "t_value": 4.302652729696142,