{
    "tree_growth_patterns": {
        "0": 10.0,
        "1": 45.0,
         "2": 29.333333333333332,
        "3": 25.666666666666668,
        "4": 24.0,
        "5": 17.666666666666668,
        "6": 15.333333333333334,
        "7": 16.333333333333332,
        "8": 22.666666666666668,
        "9": 20.666666666666668,
        "10": 17.333333333333332,
        "11": 5.0
    },
    "nodes_by_concept": {
        "0": {
            "loops": 1.0,
            "conditionals": 1.0,
            "functions": 1.0,
            "data_structures": 1.0,
            "algorithms": 1.0,
            "error_handling": 1.0,
            "recursion": 1.0,
            "sorting": 1.0,
            "searching": 1.0,
            "dynamic_programming": 1.0
        },
        "1": {
            "conditionals": 9.0,
            "loops": 9.0,
            "functions": 9.0,
            "data_structures": 9.0,
            "algorithms": 9.0,
            "error_handling": 9.0,
            "recursion": 9.0,
            "sorting": 9.0,
            "searching": 9.0,
            "dynamic_programming": 9.0
        },
        "2": {
            "algorithms": 7.666666666666667,
            "functions": 6.333333333333333,
            "data_structures": 6.666666666666667,
            "recursion": 7.0,
            "sorting": 7.333333333333333,
            "conditionals": 7.0,
            "searching": 7.333333333333333,
            "error_handling": 7.333333333333333,
            "dynamic_programming": 5.0,
            "loops": 5.0
        },
        "3": {
            "algorithms": 6.333333333333333,
            "functions": 7.666666666666667,
            "recursion": 5.0,
            "data_structures": 7.0,
            "conditionals": 7.666666666666667,
            "searching": 8.0,
            "error_handling": 6.666666666666667,
            "sorting": 7.666666666666667,
            "loops": 7.0,
            "dynamic_programming": 4.666666666666667
        },
        "4": {
            "algorithms": 8.333333333333334,
            "functions": 7.666666666666667,
            "conditionals": 7.0,
            "searching": 10.666666666666666,
            "error_handling": 6.0,
            "data_structures": 7.333333333333333,
            "sorting": 8.0,
            "loops": 6.666666666666667,
            "dynamic_programming": 7.0,
            "recursion": 5.333333333333333
        },
        "5": {
            "algorithms": 5.333333333333333,
            "sorting": 6.666666666666667,
            "functions": 6.0,
            "conditionals": 6.0,
            "searching": 8.0,
            "loops": 5.666666666666667,
            "error_handling": 5.333333333333333,
            "data_structures": 6.666666666666667,
            "dynamic_programming": 3.3333333333333335,
            "recursion": 3.3333333333333335
        },
        "6": {
            "error_handling": 5.0,
            "algorithms": 4.666666666666667,
            "recursion": 3.3333333333333335,
            "sorting": 5.333333333333333,
            "conditionals": 6.333333333333333,
            "searching": 8.666666666666666,
            "data_structures": 7.333333333333333,
            "functions": 5.0,
            "loops": 5.0,
            "dynamic_programming": 2.3333333333333335
        },
        "7": {
            "dynamic_programming": 4.0,
            "conditionals": 5.333333333333333,
            "searching": 8.666666666666666,
            "recursion": 7.666666666666667,
            "algorithms": 3.3333333333333335,
            "error_handling": 4.666666666666667,
            "sorting": 7.333333333333333,
            "functions": 5.333333333333333,
            "loops": 8.0,
            "data_structures": 7.0
        },
        "8": {
            "functions": 10.0,
            "sorting": 11.666666666666666,
            "recursion": 5.0,
            "loops": 10.666666666666666,
            "data_structures": 11.333333333333334,
            "searching": 14.333333333333334,
            "dynamic_programming": 5.0,
            "conditionals": 5.333333333333333,
            "error_handling": 11.0,
            "algorithms": 8.666666666666666
        },
        "9": {
            "functions": 10.0,
            "sorting": 12.0,
            "recursion": 4.5,
            "loops": 10.666666666666666,
            "conditionals": 5.0,
            "searching": 12.666666666666666,
            "dynamic_programming": 5.0,
            "data_structures": 9.666666666666666,
            "error_handling": 11.0,
            "algorithms": 6.666666666666667
        },
        "10": {
            "conditionals": 4.666666666666667,
            "searching": 10.666666666666666,
            "dynamic_programming": 4.666666666666667,
            "loops": 7.666666666666667,
            "functions": 7.333333333333333,
            "sorting": 9.333333333333334,
            "recursion": 2.0,
            "data_structures": 9.333333333333334,
            "algorithms": 6.0,
            "error_handling": 11.5
        },
        "11": {
            "data_structures": 5.0,
            "sorting": 5.0,
            "searching": 5.0,
            "functions": 5.0,
            "algorithms": 5.0,
            "loops": 5.0,
            "conditionals": 5.0,
            "error_handling": 5.0
        }
    },
    "nodes_by_difficulty": {
        "0": {
            "very easy": 10.0
        },
        "1": {
            "very easy": 45.0
        },
        "2": {
            "easy": 23.0,
            "very easy": 5.666666666666667,
            "medium": 1.0,
            "hard": 1.0
        },
        "3": {
            "medium": 17.0,
            "very easy": 4.0,
            "easy": 4.5,
            "hard": 2.0,
            "very hard": 1.0
        },
        "4": {
            "hard": 11.333333333333334,
            "easy": 6.333333333333333,
            "medium": 2.3333333333333335,
            "very easy": 4.0,
            "very hard": 2.0
        },
        "5": {
            "medium": 6.666666666666667,
            "very hard": 6.666666666666667,
            "hard": 3.0,
            "easy": 3.0,
            "very easy": 1.0
        },
        "6": {
            "easy": 1.6666666666666667,
            "very hard": 5.0,
            "hard": 5.666666666666667,
            "medium": 3.0
        },
        "7": {
            "easy": 1.0,
            "very hard": 6.333333333333333,
            "hard": 4.666666666666667,
            "medium": 4.666666666666667
        },
        "8": {
            "very hard": 14.0,
            "easy": 1.0,
            "hard": 9.0,
            "medium": 3.0
        },
        "9": {
            "very hard": 16.666666666666668,
            "easy": 1.0,
            "hard": 10.0,
            "medium": 1.0
        },
        "10": {
            "very hard": 15.0,
            "easy": 1.0,
            "hard": 1.0,
            "medium": 5.0
        },
        "11": {
            "very hard": 5.0,
            "hard": 5.0
        }
    },
    "depth_breadth_stats": {
        "max_depth": 11.0,
        "branching_factors": {
            "0": 9.0,
            "1": 1.0336134453781514,
            "2": 1.0,
            "3": 1.0714285714285714,
            "4": 1.0,
            "5": 1.1111111111111112,
            "6": 1.5151515151515151,
            "7": 2.8333333333333335,
            "8": 2.8181818181818183,
            "9": 2.6,
            "10": 5.0
        }
    },
    "convergence_speeds": {
        "loops": 1.1097883597883598,
        "algorithms": 1.053042328042328,
        "error_handling": 1.1814814814814814,
        "dynamic_programming": 1.0866666666666667,
        "conditionals": 1.205292443064182,
        "sorting": 1.0948275862068966,
        "searching": 1.0288228822882288,
        "recursion": 1.307142857142857,
        "data_structures": 1.1026785714285714,
        "functions": 1.2769495792751606
    },
    "convergence_by_difficulty": {
        "very easy": {
            "loops": 1.0416666666666667,
            "algorithms": 1.0416666666666667,