{
    "tree_growth_patterns": {
        "0": 10.0,
        "1": 45.0,
        "2": 27.0,
        "3": 23.333333333333332,
        "4": 17.0,
        "5": 12.666666666666666,
        "6": 7.0
    },
    "nodes_by_concept": {
        "0": {
            "loops": 1.0,
            "conditionals": 1.0,
            "functions": 1.0,
            "data_structures": 1.0,
            "algorithms": 1.0,
            "error_handling": 1.0,
            "recursion": 1.0,
            "sorting": 1.0,
            "searching": 1.0,
            "dynamic_programming": 1.0
        },
        "1": {
            "conditionals": 9.0,
            "loops": 9.0,
            "functions": 9.0,
            "data_structures": 9.0,
            "algorithms": 9.0,
            "error_handling": 9.0,
            "recursion": 9.0,
            "sorting": 9.0,
            "searching": 9.0,
            "dynamic_programming": 9.0
        },
        "2": {
            "algorithms": 5.666666666666667,
            "functions": 5.666666666666667,
            "data_structures": 6.666666666666667,
            "recursion": 5.333333333333333,
            "sorting": 7.0,
            "conditionals": 6.666666666666667,
            "searching": 7.333333333333333,
            "error_handling": 7.333333333333333,
            "dynamic_programming": 5.0,
            "loops": 4.666666666666667
        },
        "3": {
            "algorithms": 5.333333333333333,
            "functions": 6.333333333333333,
            "recursion": 4.0,
            "data_structures": 6.666666666666667,
            "conditionals": 6.666666666666667,
            "searching": 7.0,
            "error_handling": 6.666666666666667,
            "sorting": 6.666666666666667,
            "loops": 6.333333333333333,
            "dynamic_programming": 3.6666666666666665
        },
        "4": {
            "algorithms": 5.0,
            "functions": 5.666666666666667,
            "conditionals": 5.666666666666667,
            "searching": 7.0,
            "error_handling": 4.666666666666667,
            "data_structures": 5.666666666666667,
            "sorting": 5.333333333333333,
            "loops": 5.0,
            "dynamic_programming": 2.3333333333333335,
            "recursion": 2.6666666666666665
        },
        "5": {
            "algorithms": 3.3333333333333335,
            "sorting": 4.0,
            "functions": 4.0,
            "conditionals": 4.666666666666667,
            "searching": 5.333333333333333,
            "loops": 4.0,
            "error_handling": 3.6666666666666665,
            "data_structures": 4.333333333333333,
            "dynamic_programming": 2.0,
            "recursion": 2.6666666666666665
        },
        "6": {
            "error_handling": 2.3333333333333335,
            "algorithms": 2.3333333333333335,
            "recursion": 2.0,
            "sorting": 2.6666666666666665,
            "conditionals": 2.3333333333333335,
            "searching": 4.0,
            "data_structures": 2.6666666666666665,
            "functions": 2.0,
            "loops": 2.0,
            "dynamic_programming": 1.0
        }
    },
    "nodes_by_difficulty": {
        "0": {
            "very easy": 10.0
        },
        "1": {
            "very easy": 45.0
        },
        "2": {
            "easy": 22.666666666666668,
            "very easy": 3.6666666666666665,
            "medium": 1.0,
            "hard": 1.0
        },
        "3": {
            "medium": 16.333333333333332,
            "very easy": 3.6666666666666665,
            "easy": 2.5,
            "hard": 2.0,
            "very hard": 1.0
        },
        "4": {
            "hard": 9.333333333333334,
            "easy": 5.0,
            "medium": 2.0,
            "very easy": 1.0,
            "very hard": 1.0
        },
        "5": {
            "medium": 5.333333333333333,
            "very hard": 5.666666666666667,
            "hard": 2.0,
            "easy": 2.0,
            "very easy": 1.0
        },
        "6": {
            "easy": 1.3333333333333333,
            "very hard": 2.3333333333333335,
            "hard": 2.3333333333333335,
            "medium": 3.0
        }
    },
    "depth_breadth_stats": {
        "max_depth": 6.0,
        "branching_factors": {
            "0": 9.0,
            "1": 1.0,
            "2": 1.0,
            "3": 1.0,
            "4": 1.0,
            "5": 1.0,
            "6": 1.0
        }
    },
    "convergence_speeds": {
        "loops": 1.1336996336996337,
        "algorithms": 1.1319140989729226,
        "error_handling": 1.2068376068376068,
        "dynamic_programming": 1.1293706293706294,
        "conditionals": 1.3095238095238095,
        "sorting": 1.1136363636363635,
        "searching": 1.0751633986928104,
        "recursion": 1.3875,
        "data_structures": 1.2714285714285714,
        "functions": 1.4660714285714285
    },
    "convergence_by_difficulty": {
        "very easy": {
            "loops": 1.0416666666666667,
            "algorithms": 1.0416666666666667,
            "error_handling": 1.3333333333333333,
            "dynamic_programming": 1.0714285714285714,
            "conditionals": 1.2083333333333333,
            "sorting": 1.0,
            "searching": 1.0,
            "recursion": 1.125,
            "functions": 1.3666666666666665,
            "data_structures": 1.0
        },
        "easy": {
            "algorithms": 1.0,
            "error_handling": 1.2166666666666666,
            "data_structures": 1.0,
            "sorting": 1.0833333333333333,
            "conditionals": 1.2444444444444445,
            "functions": 1.0,
            "dynamic_programming": 1.0,
            "recursion": 1.0,
            "loops": 1.0,
            "searching": 1.0
        },
        "medium": {
            "algorithms": 1.25,
            "recursion": 1.5,
            "conditionals": 1.3365079365079364,
            "error_handling": 1.1666666666666665,
            "searching": 1.0,
            "sorting": 1.5,
            "dynamic_programming": 1.5,
            "loops": 1.7222222222222223,
            "functions": 1.1666666666666667,
            "data_structures": 1.0
        },
        "hard": {
            "algorithms": 1.4444444444444446,
            "conditionals": 1.5833333333333333,
            "error_handling": 1.0,
            "recursion": 3.0,
            "sorting": 1.0,
            "functions": 2.75,
            "loops": 1.1666666666666665,
            "data_structures": 1.5,
            "searching": 1.1666666666666667,
            "dynamic_programming": 1.0
        },
        "very hard": {
            "conditionals": 1.5,
            "algorithms": 1.1666666666666667,
            "searching": 1.6666666666666665,
            "dynamic_programming": 1.0,
            "loops": 1.0,
            "data_structures": 1.5,
            "sorting": 1.5,
            "functions": 2.0
        }
    },
    "path_success_rates": {
        "2": 0.32592592592592595,
        "3": 0.5942857142857142,
        "4": 0.6248490338164251,
        "5": 0.6718518518518518,
        "6": 0.6831908831908832,
        "7": 0.744973544973545
    },
    "path_success_by_concept": {
        "conditionals": {
            "2": 0.3148148148148148,
            "3": 0.5634920634920634,
            "4": 0.5939153439153438,
            "5": 0.6416666666666667,
            "6": 0.6925925925925925,
            "7": 0.7301587301587301
        },
        "loops": {
            "2": 0.3148148148148148,
            "4": 0.6166666666666667,
            "5": 0.6907936507936508,
            "6": 0.6666666666666666,
            "3": 0.619047619047619,
            "7": 0.753968253968254
        },
        "functions": {
            "2": 0.3333333333333333,
            "3": 0.6071428571428571,
            "4": 0.6622023809523809,
            "5": 0.6984126984126983,
            "6": 0.6666666666666666,
            "7": 0.6428571428571428
        },
        "data_structures": {
            "2": 0.31481481481481477,