{
    "tree_growth_patterns": {
        "0": 10.0,
        "1": 45.0,
        "2": 27.666666666666668,
        "3": 24.666666666666668,
        "4": 20.0,
        "5": 14.666666666666666,
        "6": 10.333333333333334
    },
    "nodes_by_concept": {
        "0": {
            "loops": 1.0,
            "conditionals": 1.0,
            "functions": 1.0,
            "data_structures": 1.0,
            "algorithms": 1.0,
            "error_handling": 1.0,
            "recursion": 1.0,
            "sorting": 1.0,
            "searching": 1.0,
            "dynamic_programming": 1.0
        },
        "1": {
            "conditionals": 9.0,
            "loops": 9.0,
            "functions": 9.0,
            "data_structures": 9.0,
            "algorithms": 9.0,
            "error_handling": 9.0,
            "recursion": 9.0,
            "sorting": 9.0,
            "searching": 9.0,
            "dynamic_programming": 9.0
        },
        "2": {
            "algorithms": 6.333333333333333,
            "error_handling": 8.333333333333334,
            "dynamic_programming": 5.666666666666667,
            "data_structures": 5.333333333333333,
            "loops": 5.666666666666667,
            "searching": 5.666666666666667,
            "recursion": 7.333333333333333,
            "conditionals": 6.0,
            "functions": 7.333333333333333,
            "sorting": 5.666666666666667
        },
        "3": {
            "algorithms": 6.666666666666667,
            "error_handling": 8.333333333333334,
            "dynamic_programming": 5.666666666666667,
            "data_structures": 6.666666666666667,
            "loops": 6.666666666666667,
            "searching": 6.333333333333333,
            "recursion": 7.333333333333333,
            "conditionals": 5.0,
            "functions": 6.0,
            "sorting": 5.333333333333333
        },
        "4": {
            "algorithms": 5.333333333333333,
            "error_handling": 7.666666666666667,
            "loops": 6.333333333333333,
            "searching": 6.666666666666667,
            "recursion": 7.0,
            "conditionals": 5.666666666666667,
            "data_structures": 5.666666666666667,
            "dynamic_programming": 4.0,
            "functions": 4.333333333333333,
            "sorting": 4.0
        },
        "5": {
            "searching": 6.0,
            "algorithms": 4.666666666666667,
            "error_handling": 6.333333333333333,
            "loops": 5.666666666666667,
            "recursion": 6.0,
            "conditionals": 5.0,
            "data_structures": 4.0,
            "dynamic_programming": 3.6666666666666665,
            "functions": 4.0,
            "sorting": 4.333333333333333
        },
        "6": {
            "loops": 4.0,
            "algorithms": 4.333333333333333,
            "error_handling": 4.333333333333333,
            "searching": 4.333333333333333,
            "conditionals": 3.3333333333333335,
            "recursion": 4.666666666666667,
            "dynamic_programming": 2.3333333333333335,
            "sorting": 2.6666666666666665,
            "functions": 2.0,
            "data_structures": 5.0
        }
    },
    "nodes_by_difficulty": {
        "0": {
            "very easy": 10.0
        },
        "1": {
            "very easy": 45.0
        },
        "2": {
            "easy": 22.666666666666668,
            "very easy": 4.0,
            "medium": 2.0,
            "hard": 1.0
        },
        "3": {
            "medium": 17.0,
            "easy": 3.6666666666666665,
            "very easy": 4.0
        },
        "4": {
            "hard": 11.666666666666666,
            "very easy": 1.6666666666666667,
            "medium": 2.3333333333333335,
            "easy": 4.333333333333333
        },
        "5": {
            "easy": 2.0,
            "very hard": 4.666666666666667,
            "medium": 6.0,
            "hard": 3.0,
            "very easy": 1.0
        },
        "6": {
            "medium": 2.0,
            "very hard": 3.6666666666666665,
            "hard": 3.3333333333333335,
            "easy": 2.0
        }
    },
    "depth_breadth_stats": {
        "max_depth": 6.0,
        "branching_factors": {
            "0": 9.0,
            "1": 1.0,
            "2": 1.0,
            "3": 1.0,
            "4": 1.0,
            "5": 1.0,
            "6": 1.0
        }
    },
    "convergence_speeds": {
        "conditionals": 1.0714285714285714,
        "functions": 1.335978835978836,
        "error_handling": 1.072072072072072,
        "sorting": 1.0555555555555556,
        "searching": 1.1245421245421245,
        "data_structures": 1.1722222222222223,
        "algorithms": 1.1923076923076923,
        "dynamic_programming": 1.4924242424242424,
        "loops": 1.5238095238095237,
        "recursion": 1.2222222222222223
    },
    "convergence_by_difficulty": {
        "very easy": {
            "conditionals": 1.0,
            "functions": 1.0,
            "error_handling": 1.0,
            "sorting": 1.0,
            "searching": 1.0,
            "data_structures": 1.0,
            "algorithms": 1.0,
            "dynamic_programming": 1.25,
            "loops": 1.0,
            "recursion": 1.0
        },
        "easy": {
            "algorithms": 1.0,
            "data_structures": 1.0476190476190477,
            "searching": 1.0909090909090908,
            "conditionals": 1.05,
            "loops": 1.0,
            "error_handling": 1.0999999999999999,
            "functions": 1.388888888888889,
            "recursion": 1.0,
            "sorting": 1.25,
            "dynamic_programming": 1.2857142857142858
        },
        "medium": {
            "algorithms": 1.5,
            "loops": 1.7333333333333334,
            "searching": 1.0333333333333334,
            "conditionals": 1.125,
            "error_handling": 1.0,
            "functions": 1.1,
            "data_structures": 1.25,
            "dynamic_programming": 2.125,
            "recursion": 1.388888888888889,
            "sorting": 1.0
        },
        "hard": {
            "algorithms": 2.0,
            "searching": 1.4761904761904763,
            "conditionals": 1.75,
            "error_handling": 1.1666666666666667,
            "data_structures": 1.3333333333333333,
            "loops": 2.1666666666666665,
            "functions": 1.9166666666666667,
            "sorting": 1.0,
            "recursion": 2.3333333333333335
        },
        "very hard": {
            "algorithms": 1.0,
            "conditionals": 1.0,
            "error_handling": 1.2222222222222223,
            "sorting": 1.5,
            "functions": 2.0,
            "loops": 4.666666666666667,
            "data_structures": 1.75,
            "searching": 1.6666666666666667,
            "recursion": 2.5
        }
    },
    "path_success_rates": {
        "2": 0.27777777777777773,
        "3": 0.5257556406981694,
        "4": 0.5611748523886205,
        "5": 0.5804232804232804,
        "6": 0.5870370370370369,
        "7": 0.6093073593073594
    },
    "path_success_by_concept": {
        "conditionals": {
            "2": 0.3148148148148148,
            "3": 0.5216931216931217,
            "4": 0.6444444444444445,
            "5": 0.6333333333333334,
            "6": 0.6329365079365079,
            "7": 0.6666666666666666
        },
        "loops": {
            "2": 0.25925925925925924,
            "3": 0.5481481481481482,
            "4": 0.6211309523809524,
            "5": 0.6285714285714286,
            "6": 0.5875,
            "7": 0.6269841269841269
        },
        "functions": {
            "2": 0.3333333333333333,
            "3": 0.5601851851851851,
            "4": 0.5543650793650793,
            "5": 0.5888888888888889,
            "6": 0.5833333333333333,
            "7": 0.5952380952380951
        },
        "data_structures": {
            "2": 0.2222222222222222,
            "3": 0.574074074074074,
            "4": 0.612202380952381,