{
    "success_rates_by_concept": {
        "conditionals": {
            "mean": 0.44642857142857145,
            "count": 3,
            "std_dev": 0.03594725637444283,
            "std_err": 0.02075415814441306,
            "ci_95_lower": 0.3571306362359672,
            "ci_95_upper": 0.5357265066211757,
            "df": 2,
            "t_value": 4.302652729696142,
            "margin_of_error": 0.08929793519260426
        },
        "loops": {
            "mean": 0.4838404838404838,
            "count": 3,
            "std_dev": 0.030148442177870088,
            "std_err": 0.017406211207041163,
            "ci_95_lower": 0.4089476016768405,
            "ci_95_upper": 0.558733366004127,
            "df": 2,
            "t_value": 4.302652729696142,
            "margin_of_error": 0.07489288216364323
        },
        "functions": {
            "mean": 0.421550868359379,
            "count": 3,
            "std_dev": 0.03084800098883954,
            "std_err": 0.01781010167486835,
            "ci_95_lower": 0.34492018577184086,
            "ci_95_upper": 0.49818155094691713,
            "df": 2,
            "t_value": 4.302652729696142,
            "margin_of_error": 0.07663068258753813
        },
        "error_handling": {
            "mean": 0.4863170584689572,
            "count": 3,
            "std_dev": 0.042457742921955983,
            "std_err": 0.024512989305175217,
            "ci_95_lower": 0.3808461781220327,
            "ci_95_upper": 0.5917879388158817,
            "df": 2,
            "t_value": 4.302652729696142,
            "margin_of_error": 0.10547088034692448
        },
        "sorting": {
            "mean": 0.3901394901394901,
            "count": 3,
            "std_dev": 0.037476589942671994,
            "std_err": 0.0216371192917109,
            "ci_95_lower": 0.2970424797562492,
            "ci_95_upper": 0.48323650052273104,
            "df": 2,
            "t_value": 4.302652729696142,
            "margin_of_error": 0.09309701038324095
        },
        "searching": {
            "mean": 0.4657898598576565,
            "count": 3,
            "std_dev": 0.04193321478788957,
            "std_err": 0.02421015284577444,
            "ci_95_lower": 0.3616219796294243,
            "ci_95_upper": 0.5699577400858886,
            "df": 2,
            "t_value": 4.302652729696142,
            "margin_of_error": 0.1041678802282322
        },
        "algorithms": {
            "mean": 0.48414109598320126,
            "count": 3,
            "std_dev": 0.030652320308360247,
            "std_err": 0.017697125381318422,
            "ci_95_lower": 0.40799651115349667,
            "ci_95_upper": 0.5602856808129059,
            "df": 2,
            "t_value": 4.302652729696142,
            "margin_of_error": 0.07614458482970458
        },
        "recursion": {
            "mean": 0.4304206623193965,
            "count": 3,
            "std_dev": 0.028046254473881458,
            "std_err": 0.016192512570256206,
            "ci_95_lower": 0.36074990390834455,
            "ci_95_upper": 0.5000914207304484,
            "df": 2,
            "t_value": 4.302652729696142,
            "margin_of_error": 0.06967075841105196
        },
        "dynamic_programming": {
            "mean": 0.3393550113742807,
            "count": 3,
            "std_dev": 0.037621013255827944,
            "std_err": 0.021720502130438746,
            "ci_95_lower": 0.2458992335923776,
            "ci_95_upper": 0.4328107891561838,
            "df": 2,
            "t_value": 4.302652729696142,
            "margin_of_error": 0.09345577778190313
        },
        "data_structures": {
            "mean": 0.4407826528136236,
            "count": 3,
            "std_dev": 0.034990084834022654,
            "std_err": 0.02020153489789082,
            "ci_95_lower": 0.3538624635411618,
            "ci_95_upper": 0.5277028420860854,
            "df": 2,
            "t_value": 4.302652729696142,
            "margin_of_error": 0.08692018927246181
        }
    },
    "success_rates_by_difficulty": {
        "very easy": {
            "mean": 0.8322166851236618,
            "count": 3,
            "std_dev": 0.04402831458594316,
            "std_err": 0.02541975927815981,
            "ci_95_lower": 0.7228442884772686,
            "ci_95_upper": 0.941589081770055,
            "df": 2,
            "t_value": 4.302652729696142,
            "margin_of_error": 0.10937239664639314
        },
        "easy": {
            "mean": 0.6263219741480611,
            "count": 3,
            "std_dev": 0.027073887074035213,
            "std_err": 0.01563111599020376,
            "ci_95_lower": 0.5590667102646139,
            "ci_95_upper": 0.6935772380315084,
            "df": 2,
            "t_value": 4.302652729696142,
            "margin_of_error": 0.06725526388344721
        },
        "medium": {
            "mean": 0.3526570048309179,
            "count": 3,
            "std_dev": 0.04211156414478922,
            "std_err": 0.02431312289499025,
            "ci_95_lower": 0.24804608023935032,
            "ci_95_upper": 0.45726792942248545,
            "df": 2,
            "t_value": 4.302652729696142,
            "margin_of_error": 0.10461092459156757
        },
        "hard": {
            "mean": 0.20833333333333334,
            "count": 3,
            "std_dev": 0.02773277977640868,
            "std_err": 0.01601152786928616,
            "ci_95_lower": 0.1394412892399434,
            "ci_95_upper": 0.27722537742672326,
            "df": 2,
            "t_value": 4.302652729696142,
            "margin_of_error": 0.06889204409338995
        },
        "very hard": {
            "mean": 0.23691853405989258,
            "count": 3,
            "std_dev": 0.03643051836198574,
            "std_err": 0.02103316958301007,
            "ci_95_lower": 0.14642010953939244,
            "ci_95_upper": 0.3274169585803927,
            "df": 2,
            "t_value": 4.302652729696142,
            "margin_of_error": 0.09049842452050015
        }
    },
    "avg_attempts_by_concept": {
        "conditionals": {
            "mean": 2.2682539682539686,
            "count": 3,
            "std_dev": 1.0056366340154088,
            "std_err": 0.5806045813557454,
            "ci_95_lower": -0.22988591859041518,
            "ci_95_upper": 4.766393855098352,
            "df": 2,
            "t_value": 4.302652729696142,
            "margin_of_error": 2.498139886844384
        },
        "loops": {
            "mean": 2.1966231966231966,
            "count": 3,
            "std_dev": 0.9307474926866994,
            "std_err": 0.5373673154502352,
            "ci_95_lower": -0.11548175004824568,
            "ci_95_upper": 4.508728143294639,
            "df": 2,
            "t_value": 4.302652729696142,
            "margin_of_error": 2.3121049466714423
        },
        "functions": {
            "mean": 2.271488952340016,
            "count": 3,
            "std_dev": 0.7603381615641727,
            "std_err": 0.4389814422542203,
            "ci_95_lower": 0.3827042515389456,
            "ci_95_upper": 4.160273653141086,
            "df": 2,
            "t_value": 4.302652729696142,
            "margin_of_error": 1.8887847008010703
        },
        "error_handling": {
            "mean": 2.177496483825598,
            "count": 3,
            "std_dev": 0.7448039510318963,
            "std_err": 0.4300127616217622,
            "ci_95_lower": 0.32730090122954625,
            "ci_95_upper": 4.02769206642165,
            "df": 2,
            "t_value": 4.302652729696142,
            "margin_of_error": 1.8501955825960517
        },
        "sorting": {
            "mean": 2.2886002886002887,
            "count": 3,
            "std_dev": 0.6632079185680736,
            "std_err": 0.3829032703139687,
            "ci_95_lower": 0.6411004873743116,
            "ci_95_upper": 3.936100089826266,
            "df": 2,
            "t_value": 4.302652729696142,