{
    "tree_growth_patterns": {
        "0": 10.0,
        "1": 45.0,
        "2": 28.0,
        "3": 26.333333333333332,
        "4": 23.666666666666668,
        "5": 16.333333333333332,
        "6": 14.0,
        "7": 10.0,
        "8": 8.0,
        "9": 5.0,
        "10": 3.0
    },
    "nodes_by_concept": {
        "0": {
            "loops": 1.0,
            "conditionals": 1.0,
            "functions": 1.0,
            "data_structures": 1.0,
            "algorithms": 1.0,
            "error_handling": 1.0,
            "recursion": 1.0,
            "sorting": 1.0,
            "searching": 1.0,
            "dynamic_programming": 1.0
        },
        "1": {
            "conditionals": 9.0,
            "loops": 9.0,
            "functions": 9.0,
            "data_structures": 9.0,
            "algorithms": 9.0,
            "error_handling": 9.0,
            "recursion": 9.0,
            "sorting": 9.0,
            "searching": 9.0,
            "dynamic_programming": 9.0
        },
        "2": {
            "algorithms": 6.333333333333333,
            "error_handling": 8.333333333333334,
            "dynamic_programming": 5.666666666666667,
            "data_structures": 5.333333333333333,
            "loops": 6.0,
            "searching": 5.666666666666667,
            "recursion": 7.666666666666667,
            "conditionals": 6.333333333333333,
            "functions": 7.333333333333333,
            "sorting": 5.666666666666667
        },
        "3": {
            "algorithms": 7.0,
            "error_handling": 8.666666666666666,
            "dynamic_programming": 6.333333333333333,
            "data_structures": 7.333333333333333,
            "loops": 7.0,
            "searching": 6.333333333333333,
            "recursion": 8.333333333333334,
            "conditionals": 5.666666666666667,
            "functions": 7.0,
            "sorting": 6.0
        },
        "4": {
            "algorithms": 6.666666666666667,
            "error_handling": 9.666666666666666,
            "loops": 6.666666666666667,
            "searching": 7.0,
            "recursion": 9.0,
            "conditionals": 6.666666666666667,
            "data_structures": 6.333333333333333,
            "dynamic_programming": 5.666666666666667,
            "functions": 6.666666666666667,
            "sorting": 4.666666666666667
        },
        "5": {
            "searching": 6.0,
            "algorithms": 6.0,
            "error_handling": 7.0,
            "loops": 5.666666666666667,
            "recursion": 7.333333333333333,
            "conditionals": 5.666666666666667,
            "data_structures": 4.0,
            "dynamic_programming": 4.333333333333333,
            "functions": 3.3333333333333335,
            "sorting": 4.666666666666667
        },
        "6": {
            "loops": 5.0,
            "algorithms": 5.666666666666667,
            "error_handling": 6.333333333333333,
            "searching": 6.0,
            "conditionals": 5.333333333333333,
            "recursion": 6.0,
            "dynamic_programming": 4.333333333333333,
            "sorting": 3.6666666666666665,
            "functions": 3.0,
            "data_structures": 6.0
        },
        "7": {
            "loops": 3.3333333333333335,
            "conditionals": 4.0,
            "algorithms": 4.0,
            "dynamic_programming": 2.6666666666666665,
            "functions": 3.5,
            "sorting": 3.3333333333333335,
            "searching": 4.666666666666667,
            "recursion": 5.0,
            "error_handling": 5.0,
            "data_structures": 5.0
        },
        "8": {
            "recursion": 4.0,
            "algorithms": 4.5,
            "searching": 3.6666666666666665,
            "functions": 4.0,
            "error_handling": 4.333333333333333,
            "loops": 2.3333333333333335,
            "conditionals": 2.6666666666666665,
            "dynamic_programming": 2.6666666666666665,
            "sorting": 3.0,
            "data_structures": 5.0
        },
        "9": {
            "recursion": 2.0,
            "algorithms": 3.0,
            "searching": 3.0,
            "functions": 2.0,
            "error_handling": 3.0,
            "sorting": 2.0,
            "loops": 1.6666666666666667,
            "conditionals": 1.3333333333333333,
            "dynamic_programming": 1.6666666666666667,
            "data_structures": 4.0
        },
        "10": {
            "recursion": 1.6666666666666667,
            "algorithms": 1.0,
            "searching": 2.0,
            "functions": 2.0,
            "error_handling": 2.0,
            "sorting": 1.5,
            "data_structures": 3.0,
            "conditionals": 1.0,
            "loops": 1.0,
            "dynamic_programming": 2.0
        }
    },
    "nodes_by_difficulty": {
        "0": {
            "very easy": 10.0
        },
        "1": {
            "very easy": 45.0
        },
        "2": {
            "easy": 23.0,
            "very easy": 4.0,
            "medium": 2.0,
            "hard": 1.0
        },
        "3": {
            "medium": 17.666666666666668,
            "easy": 4.0,
            "very easy": 4.0,
            "hard": 1.0
        },
        "4": {
            "hard": 12.666666666666666,
            "very easy": 1.6666666666666667,
            "medium": 4.333333333333333,
            "easy": 5.0
        },
        "5": {
            "easy": 2.0,
            "very hard": 5.333333333333333,
            "medium": 6.0,
            "hard": 4.5,
            "very easy": 1.0
        },
        "6": {
            "medium": 2.3333333333333335,
            "very hard": 5.0,
            "hard": 5.333333333333333,
            "easy": 2.0
        },
        "7": {
            "very hard": 5.0,
            "hard": 3.0,
            "medium": 1.3333333333333333,
            "easy": 2.0
        },
        "8": {
            "hard": 2.3333333333333335,
            "very hard": 4.0,
            "medium": 1.6666666666666667
        },
        "9": {
            "hard": 2.0,
            "very hard": 3.3333333333333335,
            "medium": 1.0
        },
        "10": {
            "very hard": 3.0
        }
    },
    "depth_breadth_stats": {
        "max_depth": 10.0,
        "branching_factors": {
            "0": 9.0,
            "1": 1.0,
            "2": 1.0,
            "3": 1.0,
            "4": 1.0,
            "5": 1.0,
            "6": 1.0,
            "7": 1.0,
            "8": 1.0,
            "9": 1.0
        }
    },
    "convergence_speeds": {
        "conditionals": 1.058139534883721,
        "functions": 1.2843304843304844,
        "error_handling": 1.0606060606060606,
        "sorting": 1.0476190476190477,
        "searching": 1.1076190476190477,
        "data_structures": 1.1075,
        "algorithms": 1.1410006497725795,
        "dynamic_programming": 1.2678571428571428,
        "loops": 1.3869047619047619,
        "recursion": 1.1845238095238095
    },
    "convergence_by_difficulty": {
        "very easy": {
            "conditionals": 1.0,
            "functions": 1.0,
            "error_handling": 1.0,
            "sorting": 1.0,
            "searching": 1.0,
            "data_structures": 1.0,
            "algorithms": 1.0,
            "dynamic_programming": 1.25,
            "loops": 1.0,
            "recursion": 1.0
        },
        "easy": {
            "algorithms": 1.0,
            "data_structures": 1.0416666666666667,
            "searching": 1.0833333333333333,
            "conditionals": 1.05,
            "loops": 1.0,
            "error_handling": 1.0999999999999999,
            "functions": 1.375,
            "recursion": 1.0,
            "sorting": 1.25,
            "dynamic_programming": 1.25
        },
        "medium": {
            "algorithms": 1.4107142857142856,
            "loops": 1.5666666666666667,
            "searching": 1.0256410256410255,
            "conditionals": 1.0909090909090908,
            "error_handling": 1.0,