{
    "success_rates_by_concept": {
        "loops": {
            "mean": 0.0988095238095238,
            "count": 3,
            "std_dev": 0.03130492882949969,
            "std_err": 0.018073909086673723,
            "ci_95_lower": 0.021043769541467208,
            "ci_95_upper": 0.1765752780775804,
            "df": 2,
            "t_value": 4.302652729696142,
            "margin_of_error": 0.0777657542680566
        },
        "functions": {
            "mean": 0.22748538011695904,
            "count": 3,
            "std_dev": 0.04394623803897032,
            "std_err": 0.025372372361670885,
            "ci_95_lower": 0.11831687291614887,
            "ci_95_upper": 0.33665388731776924,
            "df": 2,
            "t_value": 4.302652729696142,
            "margin_of_error": 0.10916850720081017
        },
        "algorithms": {
            "mean": 0.17159531689263727,
            "count": 3,
            "std_dev": 0.04033760336101053,
            "std_err": 0.023288926158943783,
            "ci_95_lower": 0.07139115518316591,
            "ci_95_upper": 0.2717994786021086,
            "df": 2,
            "t_value": 4.302652729696142,
            "margin_of_error": 0.10020416170947136
        },
        "error_handling": {
            "mean": 0.13105413105413108,
            "count": 3,
            "std_dev": 0.0395438064034844,
            "std_err": 0.022830627271834165,
            "ci_95_lower": 0.03282187030229862,
            "ci_95_upper": 0.22928639180596355,
            "df": 2,
            "t_value": 4.302652729696142,
            "margin_of_error": 0.09823226075183246
        },
        "recursion": {
            "mean": 0.19682539682539682,
            "count": 3,
            "std_dev": 0.04187704843729737,
            "std_err": 0.024177725188140636,
            "ci_95_lower": 0.09279704154680035,
            "ci_95_upper": 0.3008537521039933,
            "df": 2,
            "t_value": 4.302652729696142,
            "margin_of_error": 0.10402835527859647
        },
        "sorting": {
            "mean": 0.12650519978106187,
            "count": 3,
            "std_dev": 0.04172489733074111,
            "std_err": 0.02408988070581288,
            "ci_95_lower": 0.022854808804141646,
            "ci_95_upper": 0.2301555907579821,
            "df": 2,
            "t_value": 4.302652729696142,
            "margin_of_error": 0.10365039097692022
        },
        "searching": {
            "mean": 0.19652533378023573,
            "count": 3,
            "std_dev": 0.021358934136759704,
            "std_err": 0.012331586373461703,
            "ci_95_lower": 0.143466800008977,
            "ci_95_upper": 0.24958386755149448,
            "df": 2,
            "t_value": 4.302652729696142,
            "margin_of_error": 0.05305853377125874
        },
        "dynamic_programming": {
            "mean": 0.08349673202614379,
            "count": 3,
            "std_dev": 0.02953223293246537,
            "std_err": 0.017050442633329613,
            "ci_95_lower": 0.01013459848732065,
            "ci_95_upper": 0.15685886556496692,
            "df": 2,
            "t_value": 4.302652729696142,
            "margin_of_error": 0.07336213353882313
        },
        "data_structures": {
            "mean": 0.11051693404634581,
            "count": 3,
            "std_dev": 0.038983233282078894,
            "std_err": 0.02250698022929023,
            "ci_95_lower": 0.013677214125573114,
            "ci_95_upper": 0.2073566539671185,
            "df": 2,
            "t_value": 4.302652729696142,
            "margin_of_error": 0.0968397199207727
        },
        "conditionals": {
            "mean": 0.17904741863075194,
            "count": 3,
            "std_dev": 0.03781540792676588,
            "std_err": 0.021832735946033792,
            "ci_95_lower": 0.08510873771581456,
            "ci_95_upper": 0.2729860995456893,
            "df": 2,
            "t_value": 4.302652729696142,
            "margin_of_error": 0.09393868091493737
        }
    },
    "success_rates_by_difficulty": {
        "very easy": {
            "mean": 0.19198139025725233,
            "count": 3,
            "std_dev": 0.025384015039942615,
            "std_err": 0.014655467916424378,
            "ci_95_lower": 0.12892400122167474,
            "ci_95_upper": 0.2550387792928299,
            "df": 2,
            "t_value": 4.302652729696142,
            "margin_of_error": 0.06305738903557757
        },
        "easy": {
            "mean": 0.21626984126984125,
            "count": 3,
            "std_dev": 0.024881400164177028,
            "std_err": 0.014365283082602407,
            "ci_95_lower": 0.1544610168016242,
            "ci_95_upper": 0.2780786657380583,
            "df": 2,
            "t_value": 4.302652729696142,
            "margin_of_error": 0.061808824468217054
        },
        "medium": {
            "mean": 0.030303030303030304,
            "count": 3,
            "std_dev": 0.029688962670994044,
            "std_err": 0.017140930590059163,
            "ci_95_lower": -0.043448441489819856,
            "ci_95_upper": 0.10405450209588046,
            "df": 2,
            "t_value": 4.302652729696142,
            "margin_of_error": 0.07375147179285016
        },
        "hard": {
            "mean": 0.1111111111111111,
            "count": 3,
            "std_dev": 0.04144703609900465,
            "std_err": 0.02392945744887247,
            "ci_95_lower": 0.008150965698572293,
            "ci_95_upper": 0.21407125652364992,
            "df": 2,
            "t_value": 4.302652729696142,
            "margin_of_error": 0.10296014541253881
        },
        "very hard": {
            "mean": 0.07142857142857142,
            "count": 3,
            "std_dev": 0.03973131458698523,
            "std_err": 0.022938885172053627,
            "ci_95_lower": -0.027269485473151472,
            "ci_95_upper": 0.17012662833029432,
            "df": 2,
            "t_value": 4.302652729696142,
            "margin_of_error": 0.0986980569017229
        }
    },
    "avg_attempts_by_concept": {
        "loops": {
            "mean": 2.8662698412698417,
            "count": 3,
            "std_dev": 0.8908743927424144,
            "std_err": 0.5143465704639774,
            "ci_95_lower": 0.6532151658531604,
            "ci_95_upper": 5.079324516686523,
            "df": 2,
            "t_value": 4.302652729696142,
            "margin_of_error": 2.2130546754166813
        },
        "functions": {
            "mean": 2.632748538011696,
            "count": 3,
            "std_dev": 0.9729591623728947,
            "std_err": 0.5617382343065036,
            "ci_95_lower": 0.21578399079812716,
            "ci_95_upper": 5.049713085225265,
            "df": 2,
            "t_value": 4.302652729696142,
            "margin_of_error": 2.416964547213569
        },
        "algorithms": {
            "mean": 2.818832070033095,
            "count": 3,
            "std_dev": 0.8812234352317018,
            "std_err": 0.5087745875472298,
            "ci_95_lower": 0.6297517021229777,
            "ci_95_upper": 5.007912437943212,
            "df": 2,
            "t_value": 4.302652729696142,
            "margin_of_error": 2.189080367910117
        },
        "error_handling": {
            "mean": 2.7763532763532766,
            "count": 3,
            "std_dev": 0.34738566545870103,
            "std_err": 0.20056320746519832,
            "ci_95_lower": 1.9133994442765274,
            "ci_95_upper": 3.6393071084300255,
            "df": 2,
            "t_value": 4.302652729696142,
            "margin_of_error": 0.8629538320767491
        },
        "recursion": {
            "mean": 2.753174603174603,
            "count": 3,
            "std_dev": 0.9814777116874278,
            "std_err": 0.5666564210463544,
            "ci_95_lower": 0.31504880635966037,
            "ci_95_upper": 5.1913003999895455,
            "df": 2,
            "t_value": 4.302652729696142,