{
    "tree_growth_patterns": {
        "0": 10.0,
        "1": 45.0,
        "2": 16.0,
        "3": 8.666666666666666,
        "4": 5.666666666666667,
        "5": 3.3333333333333335,
        "6": 3.0,
        "7": 2.3333333333333335,
        "8": 1.6666666666666667,
        "9": 1.5,
        "10": 1.5
    },
    "nodes_by_concept": {
        "0": {
            "loops": 1.0,
            "conditionals": 1.0,
            "functions": 1.0,
            "data_structures": 1.0,
            "algorithms": 1.0,
            "error_handling": 1.0,
            "recursion": 1.0,
            "sorting": 1.0,
            "searching": 1.0,
            "dynamic_programming": 1.0
        },
        "1": {
            "loops": 9.0,
            "conditionals": 9.0,
            "functions": 9.0,
            "data_structures": 9.0,
            "algorithms": 9.0,
            "error_handling": 9.0,
            "recursion": 9.0,
            "sorting": 9.0,
            "searching": 9.0,
            "dynamic_programming": 9.0
        },
        "2": {
            "loops": 4.0,
            "functions": 2.3333333333333335,
            "algorithms": 4.666666666666667,
            "conditionals": 4.333333333333333,
            "searching": 3.3333333333333335,
            "dynamic_programming": 3.6666666666666665,
            "error_handling": 3.3333333333333335,
            "sorting": 4.0,
            "data_structures": 4.0,
            "recursion": 3.6666666666666665
        },
        "3": {
            "loops": 2.3333333333333335,
            "functions": 2.0,
            "searching": 2.3333333333333335,
            "data_structures": 2.6666666666666665,
            "error_handling": 3.5,
            "dynamic_programming": 3.0,
            "sorting": 2.6666666666666665,
            "algorithms": 2.0,
            "conditionals": 3.6666666666666665,
            "recursion": 2.0
        },
        "4": {
            "data_structures": 2.3333333333333335,
            "error_handling": 3.0,
            "dynamic_programming": 1.3333333333333333,
            "algorithms": 2.3333333333333335,
            "loops": 1.6666666666666667,
            "functions": 2.0,
            "searching": 1.3333333333333333,
            "sorting": 2.0,
            "recursion": 2.0,
            "conditionals": 3.0
        },
        "5": {
            "sorting": 1.3333333333333333,
            "algorithms": 1.6666666666666667,
            "error_handling": 1.5,
            "functions": 1.5,
            "loops": 1.3333333333333333,
            "searching": 1.5,
            "dynamic_programming": 1.0,
            "data_structures": 1.3333333333333333,
            "recursion": 1.5,
            "conditionals": 2.5
        },
        "6": {
            "sorting": 1.3333333333333333,
            "algorithms": 1.3333333333333333,
            "error_handling": 1.5,
            "functions": 1.5,
            "loops": 1.3333333333333333,
            "searching": 1.5,
            "data_structures": 1.5,
            "recursion": 1.5,
            "conditionals": 2.5
        },
        "7": {
            "sorting": 1.3333333333333333,
            "algorithms": 1.3333333333333333,
            "error_handling": 1.0,
            "functions": 1.0,
            "loops": 2.0,
            "data_structures": 2.0,
            "dynamic_programming": 1.0,
            "recursion": 1.0,
            "conditionals": 2.5,
            "searching": 2.0
        },
        "8": {
            "sorting": 1.0,
            "algorithms": 1.5,
            "error_handling": 1.0,
            "functions": 1.0,
            "recursion": 1.0,
            "data_structures": 2.0,
            "conditionals": 1.5,
            "loops": 2.0,
            "dynamic_programming": 1.0,
            "searching": 1.0
        },
        "9": {
            "recursion": 1.0,
            "algorithms": 1.0,
            "data_structures": 1.0,
            "conditionals": 1.5,
            "loops": 1.0,
            "sorting": 1.0,
            "searching": 1.0,
            "functions": 1.0
        },
        "10": {
            "recursion": 1.0,
            "algorithms": 1.0,
            "data_structures": 1.0,
            "conditionals": 1.5,
            "loops": 1.0,
            "sorting": 1.0,
            "searching": 1.0,
            "functions": 1.0
        }
    },
    "nodes_by_difficulty": {
        "0": {
            "very easy": 10.0
        },
        "1": {
            "very easy": 45.0
        },
        "2": {
            "easy": 12.333333333333334,
            "very easy": 3.6666666666666665
        },
        "3": {
            "easy": 3.0,
            "medium": 4.666666666666667,
            "very easy": 1.5
        },
        "4": {
            "hard": 2.0,
            "medium": 2.6666666666666665,
            "easy": 1.0,
            "very easy": 1.0
        },
        "5": {
            "hard": 2.5,
            "very hard": 2.0,
            "medium": 1.0,
            "easy": 1.0
        },
        "6": {
            "very hard": 1.6666666666666667,
            "hard": 1.5,
            "medium": 1.0
        },
        "7": {
            "very hard": 2.3333333333333335
        },
        "8": {
            "very hard": 1.6666666666666667
        },
        "9": {
            "very hard": 1.5
        },
        "10": {
            "very hard": 1.5
        }
    },
    "depth_breadth_stats": {
        "max_depth": 9.333333333333334,
        "branching_factors": {
            "0": 9.0,
            "1": 1.0,
            "2": 1.0,
            "3": 1.0,
            "4": 1.0,
            "5": 1.0,
            "6": 1.0,
            "7": 1.0,
            "8": 1.0,
            "9": 1.0
        }
    },
    "convergence_speeds": {
        "loops": 1.0128205128205128,
        "recursion": 1.0,
        "dynamic_programming": 1.0,
        "data_structures": 1.0,
        "algorithms": 1.0,
        "sorting": 1.0,
        "error_handling": 1.0,
        "searching": 1.0416666666666667,
        "conditionals": 1.0,
        "functions": 1.0
    },
    "convergence_by_difficulty": {
        "very easy": {
            "loops": 1.0333333333333334,
            "recursion": 1.0,
            "dynamic_programming": 1.0,
            "data_structures": 1.0,
            "algorithms": 1.0,
            "sorting": 1.0,
            "error_handling": 1.0,
            "searching": 1.0555555555555556,
            "conditionals": 1.0,
            "functions": 1.0
        },
        "easy": {
            "loops": 1.0,
            "algorithms": 1.0,
            "searching": 1.0,
            "dynamic_programming": 1.0,
            "error_handling": 1.0,
            "data_structures": 1.0,
            "sorting": 1.0,
            "recursion": 1.0,
            "conditionals": 1.0,
            "functions": 1.0
        },
        "medium": {
            "data_structures": 1.0,
            "dynamic_programming": 1.0,
            "loops": 1.0,
            "sorting": 1.0,
            "recursion": 1.0,
            "conditionals": 1.0,
            "searching": 1.0,
            "algorithms": 1.0,
            "functions": 1.0,
            "error_handling": 1.0
        },
        "hard": {
            "data_structures": 1.0,
            "sorting": 1.0,
            "loops": 1.0,
            "dynamic_programming": 1.0,
            "recursion": 1.0,
            "conditionals": 1.0,
            "searching": 1.0,
            "error_handling": 1.0
        },
        "very hard": {
            "sorting": 1.0,
            "loops": 1.0,
            "recursion": 1.0,
            "searching": 1.0,
            "error_handling": 1.0
        }
    },
    "path_success_rates": {
        "2": 0.07037037037037037,
        "3": 0.12882205513784462,
        "4": 0.11715367965367966,
        "5": 0.11507936507936507,
        "6": 0.12037037037037035,
        "7": 0.12301587301587301,
        "8": 0.15277777777777776,
        "9": 0.1728395061728395,
        "10": 0.2,
        "11": 0.2272727272727273
    },