{
    "tree_growth_patterns": {
        "1": 1.0,
        "5": 5.0,
        "7": 9.666666666666666,
        "4": 5.333333333333333,
        "8": 7.666666666666667,
        "6": 6.666666666666667,
        "9": 7.333333333333333,
        "3": 2.3333333333333335,
        "10": 5.666666666666667,
        "2": 2.0
    },
    "nodes_by_concept": {
        "1": {
            "algorithms": 1.0,
            "recursion": 1.0,
            "functions": 1.0,
            "sorting": 1.0
        },
        "5": {
            "algorithms": 2.0,
            "data_structures": 2.3333333333333335,
            "functions": 2.0,
            "error_handling": 1.6666666666666667,
            "sorting": 2.6666666666666665,
            "conditionals": 1.3333333333333333,
            "loops": 1.6666666666666667,
            "searching": 2.6666666666666665,
            "dynamic_programming": 4.0,
            "recursion": 1.0
        },
        "7": {
            "dynamic_programming": 2.3333333333333335,
            "conditionals": 3.6666666666666665,
            "searching": 5.333333333333333,
            "recursion": 2.6666666666666665,
            "algorithms": 3.3333333333333335,
            "error_handling": 3.0,
            "sorting": 4.0,
            "functions": 3.6666666666666665,
            "loops": 4.666666666666667,
            "data_structures": 3.6666666666666665
        },
        "4": {
            "searching": 3.0,
            "data_structures": 1.6666666666666667,
            "sorting": 2.6666666666666665,
            "dynamic_programming": 3.0,
            "functions": 2.0,
            "loops": 1.6666666666666667,
            "error_handling": 2.0,
            "recursion": 3.0,
            "conditionals": 2.0,
            "algorithms": 2.5
        },
        "8": {
            "functions": 3.3333333333333335,
            "sorting": 3.3333333333333335,
            "recursion": 2.5,
            "loops": 4.0,
            "data_structures": 3.0,
            "searching": 4.333333333333333,
            "dynamic_programming": 1.6666666666666667,
            "conditionals": 3.6666666666666665,
            "error_handling": 3.5,
            "algorithms": 2.0
        },
        "6": {
            "dynamic_programming": 1.3333333333333333,
            "algorithms": 2.3333333333333335,
            "conditionals": 2.3333333333333335,
            "error_handling": 2.6666666666666665,
            "loops": 3.0,
            "searching": 3.0,
            "functions": 3.0,
            "data_structures": 3.0,
            "sorting": 2.6666666666666665,
            "recursion": 2.0
        },
        "9": {
            "functions": 3.3333333333333335,
            "sorting": 3.6666666666666665,
            "recursion": 2.0,
            "loops": 4.0,
            "conditionals": 3.3333333333333335,
            "searching": 4.333333333333333,
            "dynamic_programming": 1.6666666666666667,
            "data_structures": 3.0,
            "error_handling": 3.5,
            "algorithms": 1.6666666666666667
        },
        "3": {
            "dynamic_programming": 1.5,
            "data_structures": 1.0,
            "loops": 1.0,
            "conditionals": 1.5,
            "functions": 2.0,
            "searching": 3.0,
            "algorithms": 1.5,
            "recursion": 1.5,
            "sorting": 1.5
        },
        "10": {
            "conditionals": 3.0,
            "searching": 4.0,
            "dynamic_programming": 2.0,
            "loops": 2.6666666666666665,
            "functions": 2.3333333333333335,
            "sorting": 4.0,
            "recursion": 2.0,
            "data_structures": 2.6666666666666665,
            "algorithms": 1.5,
            "error_handling": 1.5
        },
        "2": {
            "conditionals": 1.0,
            "loops": 1.0,
            "functions": 2.0,
            "sorting": 1.0,
            "algorithms": 1.0
        }
    },
    "nodes_by_difficulty": {
        "1": {
            "very easy": 1.0
        },
        "5": {
            "very hard": 1.5,
            "hard": 2.0,
            "medium": 2.0,
            "easy": 2.0
        },
        "7": {
            "easy": 1.0,
            "very hard": 4.666666666666667,
            "hard": 4.5,
            "medium": 1.3333333333333333
        },
        "4": {
            "hard": 2.0,
            "medium": 1.0,
            "easy": 2.0,
            "very easy": 1.0,
            "very hard": 2.0
        },
        "8": {
            "very hard": 5.666666666666667,
            "easy": 1.0,
            "hard": 1.5,
            "medium": 1.0
        },
        "6": {
            "medium": 2.0,
            "hard": 2.5,
            "very hard": 2.6666666666666665,
            "easy": 1.0
        },
        "9": {
            "very hard": 6.666666666666667,
            "easy": 1.0,
            "medium": 1.0
        },
        "3": {
            "medium": 1.0,
            "easy": 2.0,
            "very easy": 1.0
        },
        "10": {
            "very hard": 5.0,
            "easy": 1.0,
            "hard": 1.0
        },
        "2": {
            "easy": 1.0,
            "very easy": 1.0
        }
    },
    "depth_breadth_stats": {
        "max_depth": 10.0,
        "branching_factors": {
            "5": 1.0,
            "7": 1.0,
            "4": 1.0,
            "8": 1.0,
            "6": 1.0,
            "9": 1.0,
            "3": 1.0,
            "1": 1.0,
            "2": 1.0
        }
    },
    "convergence_speeds": {
        "algorithms": 1.0,
        "dynamic_programming": 1.0,
        "conditionals": 1.0,
        "searching": 1.0,
        "functions": 1.0,
        "error_handling": 1.0,
        "data_structures": 1.0,
        "loops": 1.0,
        "sorting": 1.0,
        "recursion": 1.0
    },
    "convergence_by_difficulty": {
        "very easy": {
            "algorithms": 1.0,
            "functions": 1.0
        },
        "very hard": {
            "algorithms": 1.0,
            "conditionals": 1.0,
            "functions": 1.0,
            "data_structures": 1.0,
            "loops": 1.0,
            "error_handling": 1.0,
            "searching": 1.0,
            "dynamic_programming": 1.0,
            "sorting": 1.0
        },
        "easy": {
            "dynamic_programming": 1.0,
            "conditionals": 1.0,
            "loops": 1.0,
            "functions": 1.0,
            "algorithms": 1.0
        },
        "hard": {
            "searching": 1.0,
            "error_handling": 1.0,
            "data_structures": 1.0,
            "algorithms": 1.0,
            "conditionals": 1.0,
            "dynamic_programming": 1.0,
            "functions": 1.0,
            "loops": 1.0,
            "recursion": 1.0
        },
        "medium": {
            "dynamic_programming": 1.0,
            "searching": 1.0,
            "error_handling": 1.0,
            "conditionals": 1.0,
            "loops": 1.0,
            "algorithms": 1.0,
            "functions": 1.0
        }
    },
    "path_success_rates": {
        "2": 0.5,
        "6": 0.5648148148148148,
        "8": 0.6467803030303031,
        "5": 0.5066666666666667,
        "9": 0.6292087542087542,
        "7": 0.5380952380952381,
        "10": 0.5980519480519481,
        "4": 0.4791666666666667,
        "11": 0.579004329004329,
        "3": 0.5
    },
    "path_success_by_concept": {
        "algorithms": {
            "2": 0.5,
            "6": 0.638888888888889,
            "8": 0.6909722222222223,
            "7": 0.6190476190476191,
            "9": 0.6296296296296297,
            "10": 0.6166666666666667,
            "11": 0.6363636363636364,
            "4": 0.625,
            "3": 0.6666666666666666,
            "5": 0.6166666666666667
        },
        "recursion": {
            "2": 0.5,
            "8": 0.6354166666666666,
            "9": 0.6388888888888888,
            "10": 0.6499999999999999,
            "11": 0.6363636363636364,
            "7": 0.6349206349206349,