{
    "tree_growth_patterns": {
        "6": 3.6666666666666665,
        "7": 10.0,
        "3": 1.6666666666666667,
        "8": 8.0,
        "9": 5.0,
        "10": 3.0,
        "5": 1.6666666666666667,
        "4": 3.6666666666666665,
        "2": 1.0
    },
    "nodes_by_concept": {
        "6": {
            "recursion": 4.0,
            "algorithms": 2.0,
            "searching": 1.6666666666666667,
            "functions": 2.0,
            "conditionals": 2.0,
            "error_handling": 2.0,
            "dynamic_programming": 3.0,
            "loops": 1.5,
            "data_structures": 2.0,
            "sorting": 1.5
        },
        "7": {
            "loops": 3.3333333333333335,
            "conditionals": 4.0,
            "algorithms": 4.0,
            "dynamic_programming": 2.6666666666666665,
            "functions": 3.5,
            "sorting": 3.3333333333333335,
            "searching": 4.666666666666667,
            "recursion": 5.0,
            "error_handling": 5.0,
            "data_structures": 5.0
        },
        "3": {
            "dynamic_programming": 1.0,
            "error_handling": 1.0,
            "recursion": 1.5,
            "conditionals": 1.0,
            "functions": 1.0,
            "data_structures": 1.0,
            "loops": 1.0,
            "algorithms": 1.0,
            "sorting": 1.0
        },
        "8": {
            "recursion": 4.0,
            "algorithms": 4.5,
            "searching": 3.6666666666666665,
            "functions": 4.0,
            "error_handling": 4.333333333333333,
            "loops": 2.3333333333333335,
            "conditionals": 2.6666666666666665,
            "dynamic_programming": 2.6666666666666665,
            "sorting": 3.0,
            "data_structures": 5.0
        },
        "9": {
            "recursion": 2.0,
            "algorithms": 3.0,
            "searching": 3.0,
            "functions": 2.0,
            "error_handling": 3.0,
            "sorting": 2.0,
            "loops": 1.6666666666666667,
            "conditionals": 1.3333333333333333,
            "dynamic_programming": 1.6666666666666667,
            "data_structures": 4.0
        },
        "10": {
            "recursion": 1.6666666666666667,
            "algorithms": 1.0,
            "searching": 2.0,
            "functions": 2.0,
            "error_handling": 2.0,
            "sorting": 1.5,
            "data_structures": 3.0,
            "conditionals": 1.0,
            "loops": 1.0,
            "dynamic_programming": 2.0
        },
        "5": {
            "algorithms": 1.3333333333333333,
            "recursion": 1.3333333333333333,
            "dynamic_programming": 1.0,
            "error_handling": 1.0,
            "conditionals": 1.0,
            "sorting": 1.0,
            "functions": 1.0
        },
        "4": {
            "dynamic_programming": 2.5,
            "error_handling": 2.0,
            "recursion": 2.0,
            "conditionals": 1.5,
            "algorithms": 2.0,
            "searching": 1.0,
            "functions": 2.3333333333333335,
            "data_structures": 1.0,
            "loops": 1.0,
            "sorting": 1.0
        },
        "2": {
            "recursion": 1.0,
            "loops": 1.0,
            "conditionals": 1.0
        }
    },
    "nodes_by_difficulty": {
        "6": {
            "hard": 2.0,
            "medium": 1.0,
            "very hard": 2.0
        },
        "7": {
            "very hard": 5.0,
            "hard": 3.0,
            "medium": 1.3333333333333333,
            "easy": 2.0
        },
        "3": {
            "hard": 1.0,
            "easy": 1.0,
            "medium": 1.0
        },
        "8": {
            "hard": 2.3333333333333335,
            "very hard": 4.0,
            "medium": 1.6666666666666667
        },
        "9": {
            "hard": 2.0,
            "very hard": 3.3333333333333335,
            "medium": 1.0
        },
        "10": {
            "very hard": 3.0
        },
        "5": {
            "very hard": 2.0,
            "hard": 1.5
        },
        "4": {
            "hard": 1.5,
            "medium": 2.0,
            "easy": 1.0
        },
        "2": {
            "easy": 1.0
        }
    },
    "depth_breadth_stats": {
        "max_depth": 10.0,
        "branching_factors": {
            "6": 1.0,
            "7": 1.0,
            "3": 1.0,
            "8": 1.0,
            "9": 1.0,
            "5": 1.0,
            "4": 1.0
        }
    },
    "convergence_speeds": {
        "recursion": 1.0,
        "loops": 1.0,
        "dynamic_programming": 1.0,
        "functions": 1.0,
        "algorithms": 1.0,
        "conditionals": 1.0,
        "error_handling": 1.0,
        "data_structures": 1.0,
        "sorting": 1.0,
        "searching": 1.0
    },
    "convergence_by_difficulty": {
        "hard": {
            "recursion": 1.0,
            "dynamic_programming": 1.0,
            "conditionals": 1.0,
            "algorithms": 1.0,
            "loops": 1.0,
            "data_structures": 1.0,
            "sorting": 1.0,
            "error_handling": 1.0,
            "searching": 1.0
        },
        "very hard": {
            "loops": 1.0,
            "functions": 1.0,
            "algorithms": 1.0,
            "recursion": 1.0,
            "conditionals": 1.0,
            "error_handling": 1.0,
            "dynamic_programming": 1.0,
            "data_structures": 1.0,
            "searching": 1.0,
            "sorting": 1.0
        },
        "medium": {
            "loops": 1.0,
            "conditionals": 1.0,
            "algorithms": 1.0,
            "functions": 1.0,
            "recursion": 1.0,
            "data_structures": 1.0,
            "sorting": 1.0,
            "error_handling": 1.0,
            "searching": 1.0,
            "dynamic_programming": 1.0
        },
        "easy": {
            "functions": 1.0,
            "data_structures": 1.0,
            "searching": 1.0,
            "dynamic_programming": 1.0,
            "recursion": 1.0
        }
    },
    "path_success_rates": {
        "7": 0.4880952380952381,
        "8": 0.5333333333333333,
        "4": 0.3333333333333333,
        "9": 0.48309817754262196,
        "10": 0.46277777777777773,
        "11": 0.48232323232323226,
        "6": 0.38888888888888884,
        "5": 0.4333333333333333,
        "3": 0.6666666666666666
    },
    "path_success_by_concept": {
        "recursion": {
            "7": 0.4285714285714285,
            "4": 0.375,
            "8": 0.5416666666666666,
            "9": 0.5123456790123456,
            "10": 0.5166666666666666,
            "11": 0.5151515151515151,
            "6": 0.38888888888888884,
            "5": 0.45,
            "3": 0.6666666666666666
        },
        "algorithms": {
            "7": 0.38095238095238093,
            "8": 0.5333333333333333,
            "9": 0.4444444444444444,
            "10": 0.4833333333333333,
            "11": 0.5,
            "6": 0.4444444444444444,
            "5": 0.3666666666666667,
            "4": 0.25
        },
        "searching": {
            "7": 0.4444444444444444,
            "8": 0.5381944444444445,
            "9": 0.46666666666666673,
            "10": 0.45555555555555555,
            "11": 0.43181818181818177,
            "5": 0.4
        },
        "functions": {
            "7": 0.42857142857142855,
            "8": 0.5260416666666666,
            "9": 0.5,
            "10": 0.3666666666666667,
            "11": 0.33333333333333326,
            "4": 0.3333333333333333,
            "5": 0.4166666666666667,
            "6": 0.3333333333333333
        },
        "loops": {
            "8": 0.5611111111111111,
            "7": 0.5357142857142857,
            "9": 0.5370370370370371,
            "4": 0.5,
            "10": 0.45,
            "5": 0.4,
            "11": 0.5,
            "3": 0.6666666666666666
        },
        "conditionals": {
            "8": 0.5625,
            "4": 0.375,