{
    "success_rates_by_concept": {
        "loops": {
            "mean": 0.5302411873840445,
            "count": 3,
            "std_dev": 0.03831886449171167,
            "std_err": 0.022123406729330528,
            "ci_95_lower": 0.4350518510299125,
            "ci_95_upper": 0.6254305237381764,
            "df": 2,
            "t_value": 4.302652729696142,
            "margin_of_error": 0.09518933635413199
        },
        "conditionals": {
            "mean": 0.45767521995417254,
            "count": 3,
            "std_dev": 0.0316605102087664,
            "std_err": 0.01827920409171218,
            "ci_95_lower": 0.3790261525722942,
            "ci_95_upper": 0.5363242873360509,
            "df": 2,
            "t_value": 4.302652729696142,
            "margin_of_error": 0.0786490673818783
        },
        "functions": {
            "mean": 0.6013083013083013,
            "count": 3,
            "std_dev": 0.032471691833278776,
            "std_err": 0.018747540020986074,
            "ci_95_lower": 0.5206441470619179,
            "ci_95_upper": 0.6819724555546847,
            "df": 2,
            "t_value": 4.302652729696142,
            "margin_of_error": 0.0806641542463834
        },
        "data_structures": {
            "mean": 0.4467003696455751,
            "count": 3,
            "std_dev": 0.03089956466845844,
            "std_err": 0.01783987197917673,
            "ci_95_lower": 0.36994159577694063,
            "ci_95_upper": 0.5234591435142095,
            "df": 2,
            "t_value": 4.302652729696142,
            "margin_of_error": 0.07675877386863447
        },
        "error_handling": {
            "mean": 0.4716469910214385,
            "count": 3,
            "std_dev": 0.023922701431096347,
            "std_err": 0.013811778110986522,
            "ci_95_lower": 0.4122197062302449,
            "ci_95_upper": 0.5310742758126321,
            "df": 2,
            "t_value": 4.302652729696142,
            "margin_of_error": 0.05942728479119358
        },
        "recursion": {
            "mean": 0.5239342312267373,
            "count": 3,
            "std_dev": 0.03196428518064473,
            "std_err": 0.0184545886534992,
            "ci_95_lower": 0.44453054498133954,
            "ci_95_upper": 0.6033379174721352,
            "df": 2,
            "t_value": 4.302652729696142,
            "margin_of_error": 0.07940368624539779
        },
        "sorting": {
            "mean": 0.5234538390136113,
            "count": 3,
            "std_dev": 0.03643745826694654,
            "std_err": 0.02103717633900734,
            "ci_95_lower": 0.4329381748134823,
            "ci_95_upper": 0.6139695032137403,
            "df": 2,
            "t_value": 4.302652729696142,
            "margin_of_error": 0.09051566420012902
        },
        "searching": {
            "mean": 0.5839360788585609,
            "count": 3,
            "std_dev": 0.037011850884449395,
            "std_err": 0.02136880207134315,
            "ci_95_lower": 0.49199354429595976,
            "ci_95_upper": 0.6758786134211621,
            "df": 2,
            "t_value": 4.302652729696142,
            "margin_of_error": 0.09194253456260117
        },
        "dynamic_programming": {
            "mean": 0.3239026969857219,
            "count": 3,
            "std_dev": 0.036896318807580514,
            "std_err": 0.021302099595662864,
            "ci_95_lower": 0.23224716001218398,
            "ci_95_upper": 0.4155582339592598,
            "df": 2,
            "t_value": 4.302652729696142,
            "margin_of_error": 0.0916555369735379
        },
        "algorithms": {
            "mean": 0.49317163084914756,
            "count": 3,
            "std_dev": 0.026590637804165283,
            "std_err": 0.015352111894158667,
            "ci_95_lower": 0.42711682470114515,
            "ci_95_upper": 0.5592264369971499,
            "df": 2,
            "t_value": 4.302652729696142,
            "margin_of_error": 0.0660548061480024
        }
    },
    "success_rates_by_difficulty": {
        "very easy": {
            "mean": 0.8272083075654505,
            "count": 3,
            "std_dev": 0.03951092583315513,
            "std_err": 0.022811643665703454,
            "ci_95_lower": 0.7290577266783558,
            "ci_95_upper": 0.9253588884525452,
            "df": 2,
            "t_value": 4.302652729696142,
            "margin_of_error": 0.09815058088709466
        },
        "easy": {
            "mean": 0.732024332024332,
            "count": 3,
            "std_dev": 0.031055555422488734,
            "std_err": 0.017929933283007213,
            "ci_95_lower": 0.6548780556409314,
            "ci_95_upper": 0.8091706084077327,
            "df": 2,
            "t_value": 4.302652729696142,
            "margin_of_error": 0.0771462763834007
        },
        "medium": {
            "mean": 0.4399784303965489,
            "count": 3,
            "std_dev": 0.022871447839638175,
            "std_err": 0.013204836566971585,
            "ci_95_lower": 0.38316260429647714,
            "ci_95_upper": 0.4967942564966206,
            "df": 2,
            "t_value": 4.302652729696142,
            "margin_of_error": 0.05681582610007172
        },
        "hard": {
            "mean": 0.3349358974358974,
            "count": 3,
            "std_dev": 0.03259941049968204,
            "std_err": 0.018821278427414538,
            "ci_95_lower": 0.25395447243381114,
            "ci_95_upper": 0.4159173224379837,
            "df": 2,
            "t_value": 4.302652729696142,
            "margin_of_error": 0.08098142500208627
        },
        "very hard": {
            "mean": 0.2643169281467153,
            "count": 3,
            "std_dev": 0.037250017953120385,
            "std_err": 0.021506307892552447,
            "ci_95_lower": 0.17178275378713886,
            "ci_95_upper": 0.35685110250629176,
            "df": 2,
            "t_value": 4.302652729696142,
            "margin_of_error": 0.09253417435957646
        }
    },
    "avg_attempts_by_concept": {
        "loops": {
            "mean": 2.0927643784786643,
            "count": 3,
            "std_dev": 0.3666080989872436,
            "std_err": 0.21166128463738207,
            "ci_95_lower": 1.1820593743626402,
            "ci_95_upper": 3.0034693825946883,
            "df": 2,
            "t_value": 4.302652729696142,
            "margin_of_error": 0.9107050041160241
        },
        "conditionals": {
            "mean": 2.283920169316611,
            "count": 3,
            "std_dev": 0.7976557153968332,
            "std_err": 0.4605267420050052,
            "ci_95_lower": 0.3024335257307047,
            "ci_95_upper": 4.265406812902517,
            "df": 2,
            "t_value": 4.302652729696142,
            "margin_of_error": 1.9814866435859064
        },
        "functions": {
            "mean": 1.9675171675171674,
            "count": 3,
            "std_dev": 0.855208370013937,
            "std_err": 0.49375478264076766,
            "ci_95_lower": -0.15693819581265678,
            "ci_95_upper": 4.091972530846991,
            "df": 2,
            "t_value": 4.302652729696142,
            "margin_of_error": 2.124455363329824
        },
        "data_structures": {
            "mean": 2.282976536401194,
            "count": 3,
            "std_dev": 0.8911010277332716,
            "std_err": 0.5144774182369566,
            "ci_95_lower": 0.06935886845692885,
            "ci_95_upper": 4.496594204345459,
            "df": 2,
            "t_value": 4.302652729696142,
            "margin_of_error": 2.213617667944265
        },
        "error_handling": {
            "mean": 2.2658858995120856,
            "count": 3,
            "std_dev": 0.7509936898845752,
            "std_err": 0.4335864090145698,
            "ci_95_lower": 0.40031415320639896,
            "ci_95_upper": 4.131457645817772,
            "df": 2,
            "t_value": 4.302652729696142,