{
    "tree_growth_patterns": {
        "0": 10.0,
        "1": 45.0,
        "2": 27.666666666666668,
        "3": 25.333333333333332,
        "4": 24.666666666666668,
        "5": 20.666666666666668,
        "6": 18.0,
        "7": 13.666666666666666,
        "8": 25.0,
        "9": 23.0,
        "10": 17.333333333333332,
        "11": 13.333333333333334
    },
    "nodes_by_concept": {
        "0": {
            "loops": 1.0,
            "conditionals": 1.0,
            "functions": 1.0,
            "data_structures": 1.0,
            "algorithms": 1.0,
            "error_handling": 1.0,
            "recursion": 1.0,
            "sorting": 1.0,
            "searching": 1.0,
            "dynamic_programming": 1.0
        },
        "1": {
            "loops": 9.0,
            "conditionals": 9.0,
            "functions": 9.0,
            "data_structures": 9.0,
            "algorithms": 9.0,
            "error_handling": 9.0,
            "recursion": 9.0,
            "sorting": 9.0,
            "searching": 9.0,
            "dynamic_programming": 9.0
        },
        "2": {
            "loops": 8.333333333333334,
            "conditionals": 7.333333333333333,
            "functions": 6.0,
            "searching": 6.0,
            "algorithms": 7.0,
            "recursion": 5.333333333333333,
            "dynamic_programming": 7.0,
            "error_handling": 6.0,
            "data_structures": 5.666666666666667,
            "sorting": 6.666666666666667
        },
        "3": {
            "loops": 8.0,
            "conditionals": 7.0,
            "functions": 6.0,
            "searching": 6.666666666666667,
            "recursion": 5.0,
            "algorithms": 7.333333333333333,
            "error_handling": 6.0,
            "dynamic_programming": 7.333333333333333,
            "sorting": 7.333333333333333,
            "data_structures": 6.333333333333333
        },
        "4": {
            "loops": 7.666666666666667,
            "conditionals": 7.0,
            "functions": 8.666666666666666,
            "searching": 6.0,
            "algorithms": 8.0,
            "recursion": 5.333333333333333,
            "error_handling": 6.333333333333333,
            "data_structures": 7.333333333333333,
            "dynamic_programming": 7.0,
            "sorting": 7.333333333333333
        },
        "5": {
            "functions": 7.0,
            "conditionals": 5.666666666666667,
            "searching": 6.0,
            "recursion": 4.666666666666667,
            "algorithms": 7.666666666666667,
            "error_handling": 5.333333333333333,
            "data_structures": 6.333333333333333,
            "loops": 7.0,
            "dynamic_programming": 7.333333333333333,
            "sorting": 6.666666666666667
        },
        "6": {
            "loops": 5.666666666666667,
            "algorithms": 7.0,
            "functions": 6.333333333333333,
            "conditionals": 5.666666666666667,
            "recursion": 5.666666666666667,
            "searching": 5.333333333333333,
            "error_handling": 6.0,
            "sorting": 6.333333333333333,
            "data_structures": 7.0,
            "dynamic_programming": 6.0
        },
        "7": {
            "data_structures": 6.0,
            "loops": 4.0,
            "conditionals": 4.333333333333333,
            "error_handling": 6.0,
            "algorithms": 5.666666666666667,
            "sorting": 5.666666666666667,
            "functions": 5.666666666666667,
            "recursion": 4.666666666666667,
            "dynamic_programming": 4.666666666666667,
            "searching": 4.666666666666667
        },
        "8": {
            "loops": 6.666666666666667,
            "algorithms": 10.0,
            "functions": 9.666666666666666,
            "conditionals": 11.0,
            "error_handling": 13.333333333333334,
            "sorting": 10.666666666666666,
            "dynamic_programming": 6.0,
            "data_structures": 12.0,
            "recursion": 9.0,
            "searching": 9.333333333333334
        },
        "9": {
            "error_handling": 10.666666666666666,
            "loops": 4.333333333333333,
            "algorithms": 9.666666666666666,
            "sorting": 12.0,
            "functions": 6.666666666666667,
            "recursion": 9.0,
            "data_structures": 11.333333333333334,
            "conditionals": 11.333333333333334,
            "dynamic_programming": 9.0,
            "searching": 10.333333333333334
        },
        "10": {
            "error_handling": 6.666666666666667,
            "loops": 3.5,
            "algorithms": 8.0,
            "sorting": 11.666666666666666,
            "functions": 7.0,
            "recursion": 6.5,
            "conditionals": 6.333333333333333,
            "dynamic_programming": 8.333333333333334,
            "searching": 6.666666666666667,
            "data_structures": 8.0
        },
        "11": {
            "error_handling": 7.5,
            "algorithms": 7.5,
            "data_structures": 8.333333333333334,
            "functions": 7.5,
            "loops": 5.0,
            "conditionals": 8.333333333333334,
            "recursion": 10.0,
            "sorting": 12.5,
            "dynamic_programming": 7.5,
            "searching": 5.0
        }
    },
    "nodes_by_difficulty": {
        "0": {
            "very easy": 10.0
        },
        "1": {
            "very easy": 45.0
        },
        "2": {
            "easy": 21.666666666666668,
            "very easy": 4.333333333333333,
            "hard": 1.5,
            "medium": 1.0
        },
        "3": {
            "medium": 16.333333333333332,
            "easy": 3.0,
            "very easy": 4.666666666666667,
            "very hard": 2.0,
            "hard": 1.0
        },
        "4": {
            "hard": 11.333333333333334,
            "easy": 6.333333333333333,
            "medium": 5.333333333333333,
            "very hard": 3.0,
            "very easy": 2.0
        },
        "5": {
            "medium": 5.666666666666667,
            "hard": 2.6666666666666665,
            "very hard": 9.666666666666666,
            "very easy": 1.0,
            "easy": 2.0
        },
        "6": {
            "easy": 1.3333333333333333,
            "very hard": 7.666666666666667,
            "hard": 6.0,
            "very easy": 1.0,
            "medium": 2.0
        },
        "7": {
            "very hard": 7.0,
            "hard": 3.6666666666666665,
            "medium": 2.0,
            "easy": 1.0,
            "very easy": 1.0
        },
        "8": {
            "medium": 5.0,
            "hard": 5.666666666666667,
            "very hard": 15.333333333333334,
            "very easy": 1.0,
            "easy": 1.0
        },
        "9": {
            "very hard": 17.0,
            "medium": 7.0,
            "hard": 5.0,
            "very easy": 1.0
        },
        "10": {
            "very hard": 14.0,
            "hard": 4.0,
            "medium": 1.0,
            "easy": 1.0
        },
        "11": {
            "very hard": 13.333333333333334
        }
    },
    "depth_breadth_stats": {
        "max_depth": 11.0,
        "branching_factors": {
            "0": 9.0,
            "1": 1.0,
            "2": 1.0,
            "3": 1.0547945205479452,
            "4": 1.0,
            "5": 1.0,
            "6": 1.0,
            "7": 1.9736842105263157,
            "8": 2.225806451612903,
            "9": 1.8571428571428572,
            "10": 5.0
        }
    },
    "convergence_speeds": {
        "loops": 1.2398408043569333,
        "functions": 1.140224358974359,
        "data_structures": 1.1639613526570047,
        "error_handling": 1.198257080610022,
        "conditionals": 1.0909090909090908,
        "recursion": 1.1180555555555556,
        "dynamic_programming": 1.1777777777777778,
        "searching": 1.1263227513227514,
        "algorithms": 1.2369455478318436,
        "sorting": 1.0
    },