{
    "success_rates_by_concept": {
        "functions": {
            "mean": 0.23838383838383836,
            "count": 3,
            "std_dev": 0.035125176506498726,
            "std_err": 0.020279530111360158,
            "ci_95_lower": 0.15112806279323948,
            "ci_95_upper": 0.32563961397443725,
            "df": 2,
            "t_value": 4.302652729696142,
            "margin_of_error": 0.08725577559059888
        },
        "loops": {
            "mean": 0.21421016157858264,
            "count": 3,
            "std_dev": 0.02238760320384727,
            "std_err": 0.012925488736251751,
            "ci_95_lower": 0.1585962721848923,
            "ci_95_upper": 0.26982405097227297,
            "df": 2,
            "t_value": 4.302652729696142,
            "margin_of_error": 0.05561388939369033
        },
        "data_structures": {
            "mean": 0.2362745098039216,
            "count": 3,
            "std_dev": 0.04351089539292378,
            "std_err": 0.025121027167786192,
            "ci_95_lower": 0.1281874536876754,
            "ci_95_upper": 0.34436156592016776,
            "df": 2,
            "t_value": 4.302652729696142,
            "margin_of_error": 0.1080870561162462
        },
        "algorithms": {
            "mean": 0.3297101449275362,
            "count": 3,
            "std_dev": 0.028090458765505335,
            "std_err": 0.01621803392992459,
            "ci_95_lower": 0.2599295769686415,
            "ci_95_upper": 0.3994907128864309,
            "df": 2,
            "t_value": 4.302652729696142,
            "margin_of_error": 0.06978056795889467
        },
        "error_handling": {
            "mean": 0.2687010287986162,
            "count": 3,
            "std_dev": 0.040104971035435394,
            "std_err": 0.02315461582315077,
            "ci_95_lower": 0.16907475782207104,
            "ci_95_upper": 0.3683272997751613,
            "df": 2,
            "t_value": 4.302652729696142,
            "margin_of_error": 0.09962627097654514
        },
        "recursion": {
            "mean": 0.2882735734100749,
            "count": 3,
            "std_dev": 0.031136652747177623,
            "std_err": 0.0179767548452469,
            "ci_95_lower": 0.21092584010409499,
            "ci_95_upper": 0.36562130671605486,
            "df": 2,
            "t_value": 4.302652729696142,
            "margin_of_error": 0.07734773330597992
        },
        "sorting": {
            "mean": 0.30718599033816424,
            "count": 3,
            "std_dev": 0.03013148978498399,
            "std_err": 0.017396423738444966,
            "ci_95_lower": 0.23233522025299325,
            "ci_95_upper": 0.38203676042333523,
            "df": 2,
            "t_value": 4.302652729696142,
            "margin_of_error": 0.07485077008517099
        },
        "dynamic_programming": {
            "mean": 0.22619047619047616,
            "count": 3,
            "std_dev": 0.020826178063083515,
            "std_err": 0.012023999510912346,
            "ci_95_lower": 0.1744553818729841,
            "ci_95_upper": 0.27792557050796823,
            "df": 2,
            "t_value": 4.302652729696142,
            "margin_of_error": 0.05173509431749208
        },
        "conditionals": {
            "mean": 0.3214285714285714,
            "count": 3,
            "std_dev": 0.03269039358154105,
            "std_err": 0.01887380753421754,
            "ci_95_lower": 0.24022113192171068,
            "ci_95_upper": 0.4026360109354321,
            "df": 2,
            "t_value": 4.302652729696142,
            "margin_of_error": 0.08120743950686071
        },
        "searching": {
            "mean": 0.3025672686114112,
            "count": 3,
            "std_dev": 0.03256207958668076,
            "std_err": 0.018799725414744155,
            "ci_95_lower": 0.22167857873812433,
            "ci_95_upper": 0.38345595848469805,
            "df": 2,
            "t_value": 4.302652729696142,
            "margin_of_error": 0.08088868987328687
        }
    },
    "success_rates_by_difficulty": {
        "very easy": {
            "mean": 0.41738090674260886,
            "count": 3,
            "std_dev": 0.038664763304314426,
            "std_err": 0.0223231115018991,
            "ci_95_lower": 0.3213323101036514,
            "ci_95_upper": 0.5134295033815663,
            "df": 2,
            "t_value": 4.302652729696142,
            "margin_of_error": 0.0960485966389575
        },
        "easy": {
            "mean": 0.2228778467908903,
            "count": 3,
            "std_dev": 0.04291652867765121,
            "std_err": 0.02477786938472622,
            "ci_95_lower": 0.11626727944664356,
            "ci_95_upper": 0.329488414135137,
            "df": 2,
            "t_value": 4.302652729696142,
            "margin_of_error": 0.10661056734424673
        },
        "medium": {
            "mean": 0.15714285714285714,
            "count": 3,
            "std_dev": 0.02705371256864508,
            "std_err": 0.015619468234086,
            "ci_95_lower": 0.08993770950906484,
            "ci_95_upper": 0.22434800477664946,
            "df": 2,
            "t_value": 4.302652729696142,
            "margin_of_error": 0.0672051476337923
        },
        "hard": {
            "mean": 0.20505050505050504,
            "count": 3,
            "std_dev": 0.037112539965762546,
            "std_err": 0.02142693493954375,
            "ci_95_lower": 0.11285784494385548,
            "ci_95_upper": 0.2972431651571546,
            "df": 2,
            "t_value": 4.302652729696142,
            "margin_of_error": 0.09219266010664956
        },
        "very hard": {
            "mean": 0.19553376906318085,
            "count": 3,
            "std_dev": 0.022397023064384528,
            "std_err": 0.012930927295268664,
            "ci_95_lower": 0.13989647943869077,
            "ci_95_upper": 0.2511710586876709,
            "df": 2,
            "t_value": 4.302652729696142,
            "margin_of_error": 0.05563728962449006
        }
    },
    "avg_attempts_by_concept": {
        "functions": {
            "mean": 2.6813131313131318,
            "count": 3,
            "std_dev": 0.7143795785325079,
            "std_err": 0.41244724196931487,
            "ci_95_lower": 0.9066958797982141,
            "ci_95_upper": 4.45593038282805,
            "df": 2,
            "t_value": 4.302652729696142,
            "margin_of_error": 1.7746172515149177
        },
        "loops": {
            "mean": 2.6688186161870373,
            "count": 3,
            "std_dev": 0.8589124516577311,
            "std_err": 0.4958933351749125,
            "ci_95_lower": 0.5351618039585762,
            "ci_95_upper": 4.802475428415498,
            "df": 2,
            "t_value": 4.302652729696142,
            "margin_of_error": 2.133656812228461
        },
        "data_structures": {
            "mean": 2.6811546840958607,
            "count": 3,
            "std_dev": 0.27681898778610375,
            "std_err": 0.15982151711510673,
            "ci_95_lower": 1.993498197216368,
            "ci_95_upper": 3.3688111709753534,
            "df": 2,
            "t_value": 4.302652729696142,
            "margin_of_error": 0.6876564868794927
        },
        "algorithms": {
            "mean": 2.524223602484472,
            "count": 3,
            "std_dev": 0.372412589079292,
            "std_err": 0.21501250855453471,
            "ci_95_lower": 1.5990994456334884,
            "ci_95_upper": 3.4493477593354562,
            "df": 2,
            "t_value": 4.302652729696142,
            "margin_of_error": 0.9251241568509838
        },
        "error_handling": {
            "mean": 2.615058926796525,
            "count": 3,
            "std_dev": 0.6978457843754929,
            "std_err": 0.40290145146203643,
            "ci_95_lower": 0.8815138968648566,
            "ci_95_upper": 4.348603956728194,
            "df": 2,
            "t_value": 4.302652729696142,