{
    "tree_growth_patterns": {
        "0": 10.0,
        "1": 45.0,
        "2": 21.0,
        "3": 12.333333333333334,
        "4": 9.666666666666666,
        "5": 8.333333333333334,
        "6": 6.333333333333333,
        "7": 5.666666666666667,
        "8": 3.0,
        "9": 2.6666666666666665,
        "10": 2.0
    },
    "nodes_by_concept": {
        "0": {
            "loops": 1.0,
            "conditionals": 1.0,
            "functions": 1.0,
            "data_structures": 1.0,
            "algorithms": 1.0,
            "error_handling": 1.0,
            "recursion": 1.0,
            "sorting": 1.0,
            "searching": 1.0,
            "dynamic_programming": 1.0
        },
        "1": {
            "loops": 9.0,
            "conditionals": 9.0,
            "functions": 9.0,
            "data_structures": 9.0,
            "algorithms": 9.0,
            "error_handling": 9.0,
            "recursion": 9.0,
            "sorting": 9.0,
            "searching": 9.0,
            "dynamic_programming": 9.0
        },
        "2": {
            "loops": 6.0,
            "data_structures": 5.666666666666667,
            "sorting": 6.333333333333333,
            "algorithms": 4.666666666666667,
            "functions": 3.0,
            "error_handling": 5.333333333333333,
            "recursion": 5.0,
            "conditionals": 5.666666666666667,
            "searching": 6.333333333333333,
            "dynamic_programming": 3.6666666666666665
        },
        "3": {
            "sorting": 4.333333333333333,
            "loops": 4.0,
            "recursion": 4.0,
            "data_structures": 4.0,
            "functions": 3.3333333333333335,
            "searching": 3.6666666666666665,
            "conditionals": 4.0,
            "dynamic_programming": 2.0,
            "error_handling": 5.0,
            "algorithms": 3.6666666666666665
        },
        "4": {
            "sorting": 4.333333333333333,
            "loops": 3.6666666666666665,
            "recursion": 3.0,
            "data_structures": 3.6666666666666665,
            "functions": 3.0,
            "conditionals": 3.0,
            "searching": 2.6666666666666665,
            "error_handling": 4.333333333333333,
            "algorithms": 3.3333333333333335,
            "dynamic_programming": 2.0
        },
        "5": {
            "recursion": 2.0,
            "data_structures": 3.3333333333333335,
            "functions": 2.6666666666666665,
            "dynamic_programming": 2.0,
            "sorting": 4.333333333333333,
            "loops": 3.6666666666666665,
            "searching": 2.3333333333333335,
            "error_handling": 3.6666666666666665,
            "conditionals": 2.3333333333333335,
            "algorithms": 3.3333333333333335
        },
        "6": {
            "sorting": 3.6666666666666665,
            "loops": 2.6666666666666665,
            "recursion": 2.5,
            "data_structures": 3.0,
            "functions": 2.0,
            "dynamic_programming": 2.0,
            "conditionals": 2.0,
            "searching": 1.6666666666666667,
            "error_handling": 3.0,
            "algorithms": 2.6666666666666665
        },
        "7": {
            "recursion": 2.0,
            "data_structures": 3.0,
            "functions": 2.0,
            "dynamic_programming": 2.0,
            "conditionals": 2.0,
            "searching": 1.6666666666666667,
            "sorting": 3.3333333333333335,
            "loops": 2.0,
            "error_handling": 2.6666666666666665,
            "algorithms": 2.3333333333333335
        },
        "8": {
            "recursion": 1.5,
            "conditionals": 1.0,
            "searching": 1.3333333333333333,
            "functions": 3.0,
            "data_structures": 1.5,
            "dynamic_programming": 1.0,
            "sorting": 1.6666666666666667,
            "loops": 2.0,
            "error_handling": 1.5,
            "algorithms": 1.5
        },
        "9": {
            "recursion": 1.5,
            "conditionals": 1.5,
            "searching": 1.3333333333333333,
            "functions": 3.0,
            "data_structures": 1.0,
            "dynamic_programming": 1.0,
            "sorting": 1.3333333333333333,
            "loops": 2.0,
            "error_handling": 1.0,
            "algorithms": 1.5
        },
        "10": {
            "recursion": 1.5,
            "conditionals": 1.0,
            "searching": 1.0,
            "functions": 3.0,
            "data_structures": 1.0,
            "dynamic_programming": 1.0,
            "loops": 1.0,
            "error_handling": 1.0,
            "algorithms": 1.5,
            "sorting": 1.0
        }
    },
    "nodes_by_difficulty": {
        "0": {
            "very easy": 10.0
        },
        "1": {
            "very easy": 45.0
        },
        "2": {
            "easy": 15.666666666666666,
            "very easy": 5.333333333333333
        },
        "3": {
            "medium": 6.666666666666667,
            "easy": 4.333333333333333,
            "very easy": 1.3333333333333333
        },
        "4": {
            "hard": 4.0,
            "medium": 3.3333333333333335,
            "easy": 2.0,
            "very easy": 1.0
        },
        "5": {
            "very hard": 3.3333333333333335,
            "hard": 2.6666666666666665,
            "medium": 1.6666666666666667,
            "easy": 1.0
        },
        "6": {
            "very hard": 6.0,
            "hard": 2.0,
            "medium": 1.5
        },
        "7": {
            "very hard": 4.666666666666667,
            "hard": 1.5
        },
        "8": {
            "very hard": 3.0
        },
        "9": {
            "very hard": 2.6666666666666665
        },
        "10": {
            "very hard": 2.0
        }
    },
    "depth_breadth_stats": {
        "max_depth": 10.0,
        "branching_factors": {
            "0": 9.0,
            "1": 1.0,
            "2": 1.0,
            "3": 1.0,
            "4": 1.0,
            "5": 1.0,
            "6": 1.0,
            "7": 1.0,
            "8": 1.0,
            "9": 1.0
        }
    },
    "convergence_speeds": {
        "functions": 1.0,
        "loops": 1.0999180999181,
        "algorithms": 1.0555555555555556,
        "error_handling": 1.0,
        "sorting": 1.0,
        "data_structures": 1.0,
        "recursion": 1.0,
        "searching": 1.0,
        "dynamic_programming": 1.0,
        "conditionals": 1.0
    },
    "convergence_by_difficulty": {
        "very easy": {
            "functions": 1.0,
            "loops": 1.1208791208791207,
            "algorithms": 1.0,
            "error_handling": 1.0,
            "sorting": 1.0,
            "data_structures": 1.0,
            "recursion": 1.0,
            "searching": 1.0,
            "dynamic_programming": 1.0,
            "conditionals": 1.0
        },
        "easy": {
            "loops": 1.1666666666666667,
            "sorting": 1.0,
            "functions": 1.0,
            "algorithms": 1.1428571428571428,
            "recursion": 1.0,
            "searching": 1.0,
            "error_handling": 1.0,
            "data_structures": 1.0,
            "conditionals": 1.0,
            "dynamic_programming": 1.0
        },
        "medium": {
            "sorting": 1.0,
            "recursion": 1.0,
            "searching": 1.0,
            "functions": 1.0,
            "algorithms": 1.0,
            "error_handling": 1.0,
            "conditionals": 1.0,
            "loops": 1.0,
            "dynamic_programming": 1.0,
            "data_structures": 1.0
        },
        "hard": {
            "sorting": 1.0,
            "recursion": 1.0,
            "searching": 1.0,
            "functions": 1.0,
            "error_handling": 1.0,
            "algorithms": 1.0,
            "loops": 1.0,
            "dynamic_programming": 1.0,
            "conditionals": 1.0,
            "data_structures": 1.0
        },
        "very hard": {
            "recursion": 1.0,