{
    "tree_growth_patterns": {
        "0": 10.0,
        "1": 45.0,
        "2": 27.333333333333332,
        "3": 24.0,
        "4": 21.333333333333332,
        "5": 18.333333333333332,
        "6": 15.666666666666666
    },
    "nodes_by_concept": {
        "0": {
            "loops": 1.0,
            "conditionals": 1.0,
            "functions": 1.0,
            "data_structures": 1.0,
            "algorithms": 1.0,
            "error_handling": 1.0,
            "recursion": 1.0,
            "sorting": 1.0,
            "searching": 1.0,
            "dynamic_programming": 1.0
        },
        "1": {
            "loops": 9.0,
            "conditionals": 9.0,
            "functions": 9.0,
            "data_structures": 9.0,
            "algorithms": 9.0,
            "error_handling": 9.0,
            "recursion": 9.0,
            "sorting": 9.0,
            "searching": 9.0,
            "dynamic_programming": 9.0
        },
        "2": {
            "loops": 8.333333333333334,
            "conditionals": 7.0,
            "functions": 6.0,
            "searching": 6.0,
            "algorithms": 7.0,
            "recursion": 5.333333333333333,
            "dynamic_programming": 7.0,
            "error_handling": 5.666666666666667,
            "data_structures": 5.333333333333333,
            "sorting": 6.666666666666667
        },
        "3": {
            "loops": 7.333333333333333,
            "conditionals": 6.666666666666667,
            "functions": 5.666666666666667,
            "searching": 6.333333333333333,
            "recursion": 5.0,
            "algorithms": 7.333333333333333,
            "error_handling": 5.333333333333333,
            "dynamic_programming": 6.666666666666667,
            "sorting": 6.666666666666667,
            "data_structures": 5.666666666666667
        },
        "4": {
            "loops": 7.0,
            "conditionals": 6.0,
            "functions": 7.0,
            "searching": 5.333333333333333,
            "algorithms": 7.333333333333333,
            "recursion": 5.0,
            "error_handling": 5.333333333333333,
            "data_structures": 5.333333333333333,
            "dynamic_programming": 6.333333333333333,
            "sorting": 6.666666666666667
        },
        "5": {
            "functions": 6.666666666666667,
            "conditionals": 4.0,
            "searching": 5.0,
            "recursion": 5.5,
            "algorithms": 7.0,
            "error_handling": 4.333333333333333,
            "data_structures": 5.666666666666667,
            "loops": 6.333333333333333,
            "dynamic_programming": 6.0,
            "sorting": 6.333333333333333
        },
        "6": {
            "loops": 4.333333333333333,
            "algorithms": 6.333333333333333,
            "functions": 6.333333333333333,
            "conditionals": 4.333333333333333,
            "recursion": 4.666666666666667,
            "searching": 4.0,
            "error_handling": 5.0,
            "sorting": 5.666666666666667,
            "data_structures": 6.0,
            "dynamic_programming": 5.0
        }
    },
    "nodes_by_difficulty": {
        "0": {
            "very easy": 10.0
        },
        "1": {
            "very easy": 45.0
        },
        "2": {
            "easy": 21.666666666666668,
            "very easy": 4.0,
            "hard": 1.5,
            "medium": 1.0
        },
        "3": {
            "medium": 16.0,
            "easy": 2.6666666666666665,
            "very easy": 4.333333333333333,
            "very hard": 1.0,
            "hard": 1.0
        },
        "4": {
            "hard": 11.0,
            "easy": 5.666666666666667,
            "medium": 3.3333333333333335,
            "very hard": 2.0,
            "very easy": 2.0
        },
        "5": {
            "medium": 5.0,
            "hard": 2.0,
            "very hard": 9.0,
            "very easy": 1.0,
            "easy": 1.6666666666666667
        },
        "6": {
            "easy": 1.3333333333333333,
            "very hard": 7.0,
            "hard": 5.0,
            "very easy": 1.0,
            "medium": 2.0
        }
    },
    "depth_breadth_stats": {
        "max_depth": 6.0,
        "branching_factors": {
            "0": 9.0,
            "1": 1.0,
            "2": 1.0,
            "3": 1.0,
            "4": 1.0,
            "5": 1.0,
            "6": 1.0
        }
    },
    "convergence_speeds": {
        "loops": 1.2857142857142858,
        "functions": 1.2547619047619047,
        "data_structures": 1.3558641975308643,
        "error_handling": 1.3820289855072465,
        "conditionals": 1.0909090909090908,
        "recursion": 1.2341269841269842,
        "dynamic_programming": 1.3814814814814813,
        "searching": 1.1982456140350877,
        "algorithms": 1.467948717948718,
        "sorting": 1.0
    },
    "convergence_by_difficulty": {
        "very easy": {
            "loops": 1.1333333333333333,
            "functions": 1.0,
            "data_structures": 1.1476190476190478,
            "error_handling": 1.1369047619047619,
            "conditionals": 1.1,
            "recursion": 1.0833333333333333,
            "dynamic_programming": 1.037037037037037,
            "searching": 1.3484848484848484,
            "algorithms": 1.111111111111111,
            "sorting": 1.0
        },
        "easy": {
            "loops": 1.1222222222222225,
            "functions": 1.0,
            "searching": 1.037037037037037,
            "error_handling": 1.1904761904761905,
            "data_structures": 1.111111111111111,
            "recursion": 1.0833333333333333,
            "algorithms": 1.0555555555555556,
            "conditionals": 1.0,
            "dynamic_programming": 1.25,
            "sorting": 1.0
        },
        "medium": {
            "loops": 1.0,
            "functions": 1.6,
            "algorithms": 1.2222222222222223,
            "error_handling": 1.0,
            "data_structures": 1.3472222222222223,
            "recursion": 1.0,
            "dynamic_programming": 1.3333333333333333,
            "conditionals": 2.0,
            "sorting": 1.0,
            "searching": 1.0
        },
        "hard": {
            "loops": 1.1777777777777778,
            "searching": 1.4285714285714286,
            "functions": 1.875,
            "error_handling": 1.5,
            "data_structures": 1.1666666666666667,
            "recursion": 1.6666666666666667,
            "algorithms": 2.733333333333333,
            "conditionals": 1.0,
            "dynamic_programming": 1.875,
            "sorting": 1.0
        },
        "very hard": {
            "algorithms": 1.0,
            "loops": 2.2777777777777777,
            "data_structures": 2.0185185185185186,
            "recursion": 1.5,
            "error_handling": 3.0,
            "dynamic_programming": 1.6666666666666667,
            "functions": 1.0,
            "sorting": 1.0,
            "searching": 2.0
        }
    },
    "path_success_rates": {
        "2": 0.3,
        "3": 0.5856848912404468,
        "4": 0.6119625603864735,
        "5": 0.6118181818181819,
        "6": 0.6299916457811193,
        "7": 0.6185105621195847
    },
    "path_success_by_concept": {
        "loops": {
            "2": 0.3703703703703704,
            "3": 0.5573192239858906,
            "4": 0.6116071428571428,
            "5": 0.62,
            "7": 0.6825396825396824,
            "6": 0.6537037037037038
        },
        "conditionals": {
            "2": 0.3148148148148148,
            "3": 0.6164021164021164,
            "4": 0.6458333333333334,
            "5": 0.6472222222222221,
            "6": 0.6361111111111111,
            "7": 0.5753968253968254
        },
        "functions": {
            "2": 0.27777777777777773,
            "3": 0.6285714285714286,
            "4": 0.6642857142857143,
            "5": 0.7174603174603176,
            "6": 0.7341269841269842,
            "7": 0.7120181405895692
        },