{
    "tree_growth_patterns": {
        "7": 13.666666666666666,
        "8": 11.666666666666666,
        "9": 9.666666666666666,
        "10": 9.0,
        "3": 1.3333333333333333,
        "4": 2.5,
        "5": 2.3333333333333335,
        "6": 2.3333333333333335,
        "2": 1.0
    },
    "nodes_by_concept": {
        "7": {
            "data_structures": 6.0,
            "loops": 4.0,
            "conditionals": 4.333333333333333,
            "error_handling": 6.0,
            "algorithms": 5.666666666666667,
            "sorting": 5.666666666666667,
            "functions": 5.666666666666667,
            "recursion": 4.666666666666667,
            "dynamic_programming": 4.666666666666667,
            "searching": 4.666666666666667
        },
        "8": {
            "loops": 3.3333333333333335,
            "algorithms": 5.0,
            "functions": 4.666666666666667,
            "conditionals": 4.333333333333333,
            "error_handling": 5.0,
            "sorting": 5.666666666666667,
            "dynamic_programming": 4.333333333333333,
            "data_structures": 5.333333333333333,
            "recursion": 4.0,
            "searching": 4.333333333333333
        },
        "9": {
            "error_handling": 4.0,
            "loops": 2.6666666666666665,
            "algorithms": 4.666666666666667,
            "sorting": 5.333333333333333,
            "functions": 3.3333333333333335,
            "recursion": 4.0,
            "data_structures": 4.666666666666667,
            "conditionals": 3.0,
            "dynamic_programming": 4.0,
            "searching": 3.6666666666666665
        },
        "10": {
            "error_handling": 3.3333333333333335,
            "loops": 3.5,
            "algorithms": 4.666666666666667,
            "sorting": 5.0,
            "functions": 3.6666666666666665,
            "recursion": 4.0,
            "conditionals": 3.0,
            "dynamic_programming": 3.3333333333333335,
            "searching": 3.3333333333333335,
            "data_structures": 4.666666666666667
        },
        "3": {
            "error_handling": 1.0,
            "loops": 1.0,
            "dynamic_programming": 1.0,
            "sorting": 1.0,
            "data_structures": 1.0,
            "functions": 1.0,
            "searching": 1.0,
            "conditionals": 1.0
        },
        "4": {
            "data_structures": 1.0,
            "conditionals": 1.5,
            "searching": 1.0,
            "error_handling": 1.5,
            "loops": 1.0,
            "dynamic_programming": 1.0,
            "sorting": 1.0,
            "recursion": 1.0,
            "algorithms": 2.0
        },
        "5": {
            "data_structures": 1.0,
            "conditionals": 1.6666666666666667,
            "searching": 1.0,
            "error_handling": 1.0,
            "dynamic_programming": 2.0,
            "recursion": 1.5,
            "loops": 1.0,
            "functions": 1.0,
            "algorithms": 2.0,
            "sorting": 1.0
        },
        "6": {
            "data_structures": 1.5,
            "conditionals": 1.3333333333333333,
            "searching": 1.3333333333333333,
            "error_handling": 1.0,
            "dynamic_programming": 1.5,
            "recursion": 1.5,
            "loops": 2.0,
            "sorting": 2.0,
            "algorithms": 2.0
        },
        "2": {
            "error_handling": 1.0,
            "data_structures": 1.0,
            "conditionals": 1.0
        }
    },
    "nodes_by_difficulty": {
        "7": {
            "very hard": 7.0,
            "hard": 3.6666666666666665,
            "medium": 2.0,
            "easy": 1.0,
            "very easy": 1.0
        },
        "8": {
            "medium": 2.5,
            "hard": 2.3333333333333335,
            "very hard": 7.0,
            "very easy": 1.0,
            "easy": 1.0
        },
        "9": {
            "very hard": 7.0,
            "medium": 2.0,
            "hard": 2.5,
            "very easy": 1.0
        },
        "10": {
            "very hard": 7.333333333333333,
            "hard": 1.5,
            "medium": 1.0,
            "easy": 1.0
        },
        "3": {
            "very hard": 1.0,
            "medium": 1.0,
            "easy": 1.0,
            "very easy": 1.0
        },
        "4": {
            "easy": 1.0,
            "very hard": 1.0,
            "hard": 1.0,
            "medium": 1.0
        },
        "5": {
            "medium": 1.0,
            "very hard": 1.0,
            "hard": 1.0,
            "easy": 1.0
        },
        "6": {
            "medium": 1.0,
            "very hard": 1.0,
            "hard": 1.5
        },
        "2": {
            "very easy": 1.0
        }
    },
    "depth_breadth_stats": {
        "max_depth": 10.0,
        "branching_factors": {
            "7": 1.0,
            "8": 1.0,
            "9": 1.0,
            "3": 1.0,
            "4": 1.0,
            "5": 1.0,
            "6": 1.0,
            "2": 1.0
        }
    },
    "convergence_speeds": {
        "data_structures": 1.0,
        "error_handling": 1.0,
        "loops": 1.0,
        "functions": 1.0,
        "algorithms": 1.0,
        "searching": 1.0,
        "recursion": 1.0,
        "dynamic_programming": 1.0,
        "sorting": 1.0
    },
    "convergence_by_difficulty": {
        "very hard": {
            "data_structures": 1.0,
            "error_handling": 1.0,
            "algorithms": 1.0,
            "functions": 1.0,
            "recursion": 1.0,
            "loops": 1.0,
            "dynamic_programming": 1.0,
            "searching": 1.0,
            "sorting": 1.0
        },
        "hard": {
            "error_handling": 1.0,
            "functions": 1.0,
            "algorithms": 1.0,
            "searching": 1.0,
            "data_structures": 1.0,
            "loops": 1.0,
            "dynamic_programming": 1.0,
            "recursion": 1.0
        },
        "medium": {
            "loops": 1.0,
            "searching": 1.0,
            "data_structures": 1.0,
            "algorithms": 1.0,
            "dynamic_programming": 1.0,
            "functions": 1.0
        },
        "easy": {
            "searching": 1.0,
            "data_structures": 1.0,
            "dynamic_programming": 1.0,
            "loops": 1.0,
            "error_handling": 1.0
        },
        "very easy": {
            "data_structures": 1.0,
            "searching": 1.0,
            "error_handling": 1.0
        }
    },
    "path_success_rates": {
        "8": 0.5709045584045583,
        "9": 0.5444023569023569,
        "10": 0.48914141414141415,
        "11": 0.46501377410468314,
        "4": 0.4583333333333333,
        "5": 0.5333333333333333,
        "6": 0.5370370370370371,
        "7": 0.5357142857142857,
        "3": 0.3333333333333333
    },
    "path_success_by_concept": {
        "data_structures": {
            "8": 0.5357142857142857,
            "9": 0.47001763668430335,
            "5": 0.8,
            "10": 0.43111111111111117,
            "6": 0.6666666666666667,
            "11": 0.4070707070707071,
            "7": 0.7142857142857142,
            "4": 0.375,
            "3": 0.3333333333333333
        },
        "loops": {
            "8": 0.6319444444444444,
            "9": 0.5740740740740741,
            "10": 0.57,
            "11": 0.5909090909090909,
            "4": 0.5,
            "5": 0.4,
            "6": 0.25,
            "7": 0.2857142857142857
        },
        "conditionals": {
            "8": 0.5520833333333334,
            "9": 0.5037037037037038,
            "5": 0.65,
            "10": 0.39166666666666666,
            "11": 0.3813131313131313,
            "6": 0.5833333333333334,
            "7": 0.5952380952380952,
            "3": 0.3333333333333333,
            "4": 0.25
        },
        "error_handling": {
            "8": 0.6027777777777779,
            "9": 0.5596707818930041,
            "10": 0.5015873015873016,
            "11": 0.5,