{
    "success_rates_by_concept": {
        "functions": 0.125,
        "loops": 0.2222222222222222,
        "data_structures": 0.27777777777777773,
        "recursion": 0.16666666666666666,
        "sorting": 0.5166666666666667,
        "conditionals": 0.5625,
        "dynamic_programming": 0.4444444444444444,
        "searching": 0.3055555555555555,
        "algorithms": 0.35714285714285715,
        "error_handling": 0.19999999999999998
    },
    "success_rates_by_difficulty": {
        "very easy": 0.3995169082125604,
        "easy": 0.15,
        "medium": 0.5,
        "hard": 1.0,
        "very hard": 1.0
    },
    "avg_attempts_by_concept": {
        "functions": 2.75,
        "loops": 2.7037037037037037,
        "data_structures": 2.6666666666666665,
        "recursion": 2.777777777777778,
        "sorting": 2.033333333333333,
        "conditionals": 2.375,
        "dynamic_programming": 2.5833333333333335,
        "searching": 2.425925925925926,
        "algorithms": 2.3412698412698414,
        "error_handling": 2.6666666666666665
    },
    "avg_attempts_by_difficulty": {
        "very easy": 2.4114331723027376,
        "easy": 2.7,
        "medium": 2.5,
        "hard": 1.5,
        "very hard": 1.0
    },
    "fixer_intervention_rate_difficulty": {
        "very easy": 2.0
    },
    "fixer_intervention_rate_concept": {
        "loops": 1.0,
        "data_structures": 1.0,
        "dynamic_programming": 1.0,
        "conditionals": 1.0
    }
}